Product_ID,Product,Sold,Week,Month,Year
1,Maggi,51,1,1,2023
2,Bru,92,1,1,2023
3,Red Bull,14,1,1,2023
4,Bourn Vita,71,1,1,2023
5,Horlicks,60,1,1,2023
6,Harpic,20,1,1,2023
7,Ariel,82,1,1,2023
8,Scotch Brite,86,1,1,2023
9,Coca Cola,74,1,1,2023
10,Chocolate,74,1,1,2023
11,Ice Cream,87,1,1,2023
12,Oil,99,1,1,2023
13,Chips,23,1,1,2023
14,Umbrella,2,1,1,2023
1,Maggi,21,2,1,2023
2,Bru,52,2,1,2023
3,Red Bull,1,2,1,2023
4,Bourn Vita,87,2,1,2023
5,Horlicks,29,2,1,2023
6,Harpic,37,2,1,2023
7,Ariel,1,2,1,2023
8,Scotch Brite,63,2,1,2023
9,Coca Cola,59,2,1,2023
10,Chocolate,20,2,1,2023
11,Ice Cream,32,2,1,2023
12,Oil,75,2,1,2023
13,Chips,57,2,1,2023
14,Umbrella,21,2,1,2023
1,Maggi,88,3,1,2023
2,Bru,48,3,1,2023
3,Red Bull,90,3,1,2023
4,Bourn Vita,58,3,1,2023
5,Horlicks,41,3,1,2023
6,Harpic,91,3,1,2023
7,Ariel,59,3,1,2023
8,Scotch Brite,79,3,1,2023
9,Coca Cola,14,3,1,2023
10,Chocolate,61,3,1,2023
11,Ice Cream,61,3,1,2023
12,Oil,46,3,1,2023
13,Chips,61,3,1,2023
14,Umbrella,50,3,1,2023
1,Maggi,54,4,1,2023
2,Bru,63,4,1,2023
3,Red Bull,2,4,1,2023
4,Bourn Vita,50,4,1,2023
5,Horlicks,6,4,1,2023
6,Harpic,20,4,1,2023
7,Ariel,72,4,1,2023
8,Scotch Brite,38,4,1,2023
9,Coca Cola,17,4,1,2023
10,Chocolate,3,4,1,2023
11,Ice Cream,88,4,1,2023
12,Oil,59,4,1,2023
13,Chips,13,4,1,2023
14,Umbrella,8,4,1,2023
1,Maggi,89,5,2,2023
2,Bru,52,5,2,2023
3,Red Bull,1,5,2,2023
4,Bourn Vita,83,5,2,2023
5,Horlicks,91,5,2,2023
6,Harpic,59,5,2,2023
7,Ariel,70,5,2,2023
8,Scotch Brite,43,5,2,2023
9,Coca Cola,7,5,2,2023
10,Chocolate,46,5,2,2023
11,Ice Cream,34,5,2,2023
12,Oil,77,5,2,2023
13,Chips,80,5,2,2023
14,Umbrella,35,5,2,2023
1,Maggi,49,6,2,2023
2,Bru,3,6,2,2023
3,Red Bull,1,6,2,2023
4,Bourn Vita,5,6,2,2023
5,Horlicks,53,6,2,2023
6,Harpic,3,6,2,2023
7,Ariel,53,6,2,2023
8,Scotch Brite,92,6,2,2023
9,Coca Cola,62,6,2,2023
10,Chocolate,17,6,2,2023
11,Ice Cream,89,6,2,2023
12,Oil,43,6,2,2023
13,Chips,33,6,2,2023
14,Umbrella,73,6,2,2023
1,Maggi,61,7,2,2023
2,Bru,99,7,2,2023
3,Red Bull,13,7,2,2023
4,Bourn Vita,94,7,2,2023
5,Horlicks,47,7,2,2023
6,Harpic,14,7,2,2023
7,Ariel,71,7,2,2023
8,Scotch Brite,77,7,2,2023
9,Coca Cola,86,7,2,2023
10,Chocolate,61,7,2,2023
11,Ice Cream,39,7,2,2023
12,Oil,84,7,2,2023
13,Chips,79,7,2,2023
14,Umbrella,81,7,2,2023
1,Maggi,52,8,2,2023
2,Bru,23,8,2,2023
3,Red Bull,25,8,2,2023
4,Bourn Vita,88,8,2,2023
5,Horlicks,59,8,2,2023
6,Harpic,40,8,2,2023
7,Ariel,28,8,2,2023
8,Scotch Brite,14,8,2,2023
9,Coca Cola,44,8,2,2023
10,Chocolate,64,8,2,2023
11,Ice Cream,88,8,2,2023
12,Oil,70,8,2,2023
13,Chips,8,8,2,2023
14,Umbrella,87,8,2,2023
1,Maggi,0,9,3,2023
2,Bru,7,9,3,2023
3,Red Bull,87,9,3,2023
4,Bourn Vita,62,9,3,2023
5,Horlicks,10,9,3,2023
6,Harpic,80,9,3,2023
7,Ariel,7,9,3,2023
8,Scotch Brite,34,9,3,2023
9,Coca Cola,34,9,3,2023
10,Chocolate,32,9,3,2023
11,Ice Cream,4,9,3,2023
12,Oil,40,9,3,2023
13,Chips,27,9,3,2023
14,Umbrella,6,9,3,2023
1,Maggi,72,10,3,2023
2,Bru,71,10,3,2023
3,Red Bull,11,10,3,2023
4,Bourn Vita,33,10,3,2023
5,Horlicks,32,10,3,2023
6,Harpic,47,10,3,2023
7,Ariel,22,10,3,2023
8,Scotch Brite,61,10,3,2023
9,Coca Cola,87,10,3,2023
10,Chocolate,36,10,3,2023
11,Ice Cream,98,10,3,2023
12,Oil,43,10,3,2023
13,Chips,85,10,3,2023
14,Umbrella,90,10,3,2023
1,Maggi,34,11,3,2023
2,Bru,64,11,3,2023
3,Red Bull,98,11,3,2023
4,Bourn Vita,46,11,3,2023
5,Horlicks,77,11,3,2023
6,Harpic,2,11,3,2023
7,Ariel,0,11,3,2023
8,Scotch Brite,4,11,3,2023
9,Coca Cola,89,11,3,2023
10,Chocolate,13,11,3,2023
11,Ice Cream,26,11,3,2023
12,Oil,8,11,3,2023
13,Chips,78,11,3,2023
14,Umbrella,14,11,3,2023
1,Maggi,89,12,3,2023
2,Bru,41,12,3,2023
3,Red Bull,76,12,3,2023
4,Bourn Vita,50,12,3,2023
5,Horlicks,62,12,3,2023
6,Harpic,95,12,3,2023
7,Ariel,51,12,3,2023
8,Scotch Brite,95,12,3,2023
9,Coca Cola,3,12,3,2023
10,Chocolate,93,12,3,2023
11,Ice Cream,22,12,3,2023
12,Oil,14,12,3,2023
13,Chips,42,12,3,2023
14,Umbrella,28,12,3,2023
1,Maggi,35,13,4,2023
2,Bru,12,13,4,2023
3,Red Bull,31,13,4,2023
4,Bourn Vita,70,13,4,2023
5,Horlicks,58,13,4,2023
6,Harpic,85,13,4,2023
7,Ariel,27,13,4,2023
8,Scotch Brite,65,13,4,2023
9,Coca Cola,41,13,4,2023
10,Chocolate,44,13,4,2023
11,Ice Cream,61,13,4,2023
12,Oil,56,13,4,2023
13,Chips,5,13,4,2023
14,Umbrella,27,13,4,2023
1,Maggi,27,14,4,2023
2,Bru,43,14,4,2023
3,Red Bull,83,14,4,2023
4,Bourn Vita,29,14,4,2023
5,Horlicks,61,14,4,2023
6,Harpic,74,14,4,2023
7,Ariel,91,14,4,2023
8,Scotch Brite,88,14,4,2023
9,Coca Cola,61,14,4,2023
10,Chocolate,96,14,4,2023
11,Ice Cream,0,14,4,2023
12,Oil,26,14,4,2023
13,Chips,61,14,4,2023
14,Umbrella,76,14,4,2023
1,Maggi,2,15,4,2023
2,Bru,69,15,4,2023
3,Red Bull,71,15,4,2023
4,Bourn Vita,26,15,4,2023
5,Horlicks,8,15,4,2023
6,Harpic,61,15,4,2023
7,Ariel,36,15,4,2023
8,Scotch Brite,96,15,4,2023
9,Coca Cola,50,15,4,2023
10,Chocolate,43,15,4,2023
11,Ice Cream,23,15,4,2023
12,Oil,78,15,4,2023
13,Chips,58,15,4,2023
14,Umbrella,31,15,4,2023
1,Maggi,95,16,4,2023
2,Bru,87,16,4,2023
3,Red Bull,51,16,4,2023
4,Bourn Vita,61,16,4,2023
5,Horlicks,57,16,4,2023
6,Harpic,51,16,4,2023
7,Ariel,11,16,4,2023
8,Scotch Brite,38,16,4,2023
9,Coca Cola,1,16,4,2023
10,Chocolate,2,16,4,2023
11,Ice Cream,55,16,4,2023
12,Oil,80,16,4,2023
13,Chips,58,16,4,2023
14,Umbrella,1,16,4,2023
1,Maggi,1,17,5,2023
2,Bru,91,17,5,2023
3,Red Bull,53,17,5,2023
4,Bourn Vita,86,17,5,2023
5,Horlicks,95,17,5,2023
6,Harpic,96,17,5,2023
7,Ariel,0,17,5,2023
8,Scotch Brite,18,17,5,2023
9,Coca Cola,1,17,5,2023
10,Chocolate,52,17,5,2023
11,Ice Cream,43,17,5,2023
12,Oil,89,17,5,2023
13,Chips,31,17,5,2023
14,Umbrella,69,17,5,2023
1,Maggi,31,18,5,2023
2,Bru,67,18,5,2023
3,Red Bull,54,18,5,2023
4,Bourn Vita,74,18,5,2023
5,Horlicks,55,18,5,2023
6,Harpic,16,18,5,2023
7,Ariel,37,18,5,2023
8,Scotch Brite,23,18,5,2023
9,Coca Cola,68,18,5,2023
10,Chocolate,97,18,5,2023
11,Ice Cream,69,18,5,2023
12,Oil,85,18,5,2023
13,Chips,10,18,5,2023
14,Umbrella,15,18,5,2023
1,Maggi,96,19,5,2023
2,Bru,72,19,5,2023
3,Red Bull,58,19,5,2023
4,Bourn Vita,69,19,5,2023
5,Horlicks,79,19,5,2023
6,Harpic,92,19,5,2023
7,Ariel,2,19,5,2023
8,Scotch Brite,19,19,5,2023
9,Coca Cola,58,19,5,2023
10,Chocolate,35,19,5,2023
11,Ice Cream,18,19,5,2023
12,Oil,89,19,5,2023
13,Chips,66,19,5,2023
14,Umbrella,18,19,5,2023
1,Maggi,19,20,5,2023
2,Bru,95,20,5,2023
3,Red Bull,70,20,5,2023
4,Bourn Vita,51,20,5,2023
5,Horlicks,32,20,5,2023
6,Harpic,39,20,5,2023
7,Ariel,38,20,5,2023
8,Scotch Brite,81,20,5,2023
9,Coca Cola,0,20,5,2023
10,Chocolate,10,20,5,2023
11,Ice Cream,91,20,5,2023
12,Oil,56,20,5,2023
13,Chips,88,20,5,2023
14,Umbrella,49,20,6,2023
1,Maggi,22,21,6,2023
2,Bru,30,21,6,2023
3,Red Bull,93,21,6,2023
4,Bourn Vita,41,21,6,2023
5,Horlicks,98,21,6,2023
6,Harpic,6,21,6,2023
7,Ariel,15,21,6,2023
8,Scotch Brite,89,21,6,2023
9,Coca Cola,59,21,6,2023
10,Chocolate,1,21,6,2023
11,Ice Cream,0,21,6,2023
12,Oil,47,21,6,2023
13,Chips,11,21,6,2023
14,Umbrella,68,21,6,2023
1,Maggi,36,22,6,2023
2,Bru,31,22,6,2023
3,Red Bull,8,22,6,2023
4,Bourn Vita,98,22,6,2023
5,Horlicks,18,22,6,2023
6,Harpic,47,22,6,2023
7,Ariel,79,22,6,2023
8,Scotch Brite,2,22,6,2023
9,Coca Cola,19,22,6,2023
10,Chocolate,23,22,6,2023
11,Ice Cream,53,22,6,2023
12,Oil,32,22,6,2023
13,Chips,23,22,6,2023
14,Umbrella,74,22,6,2023
1,Maggi,71,23,6,2023
2,Bru,35,23,6,2023
3,Red Bull,37,23,6,2023
4,Bourn Vita,83,23,6,2023
5,Horlicks,98,23,6,2023
6,Harpic,88,23,6,2023
7,Ariel,98,23,6,2023
8,Scotch Brite,24,23,6,2023
9,Coca Cola,92,23,6,2023
10,Chocolate,17,23,6,2023
11,Ice Cream,81,23,6,2023
12,Oil,65,23,6,2023
13,Chips,53,23,6,2023
14,Umbrella,34,23,6,2023
1,Maggi,79,24,6,2023
2,Bru,60,24,6,2023
3,Red Bull,40,24,6,2023
4,Bourn Vita,99,24,6,2023
5,Horlicks,32,24,6,2023
6,Harpic,67,24,6,2023
7,Ariel,32,24,6,2023
8,Scotch Brite,13,24,6,2023
9,Coca Cola,20,24,6,2023
10,Chocolate,47,24,6,2023
11,Ice Cream,19,24,6,2023
12,Oil,7,24,6,2023
13,Chips,6,24,6,2023
14,Umbrella,66,24,6,2023
1,Maggi,16,25,7,2023
2,Bru,32,25,7,2023
3,Red Bull,47,25,7,2023
4,Bourn Vita,75,25,7,2023
5,Horlicks,58,25,7,2023
6,Harpic,85,25,7,2023
7,Ariel,21,25,7,2023
8,Scotch Brite,29,25,7,2023
9,Coca Cola,37,25,7,2023
10,Chocolate,50,25,7,2023
11,Ice Cream,53,25,7,2023
12,Oil,7,25,7,2023
13,Chips,26,25,7,2023
14,Umbrella,26,25,7,2023
1,Maggi,97,26,7,2023
2,Bru,20,26,7,2023
3,Red Bull,29,26,7,2023
4,Bourn Vita,96,26,7,2023
5,Horlicks,27,26,7,2023
6,Harpic,63,26,7,2023
7,Ariel,96,26,7,2023
8,Scotch Brite,68,26,7,2023
9,Coca Cola,60,26,7,2023
10,Chocolate,47,26,7,2023
11,Ice Cream,18,26,7,2023
12,Oil,3,26,7,2023
13,Chips,34,26,7,2023
14,Umbrella,63,26,7,2023
1,Maggi,48,27,7,2023
2,Bru,16,27,7,2023
3,Red Bull,43,27,7,2023
4,Bourn Vita,91,27,7,2023
5,Horlicks,29,27,7,2023
6,Harpic,92,27,7,2023
7,Ariel,45,27,7,2023
8,Scotch Brite,5,27,7,2023
9,Coca Cola,98,27,7,2023
10,Chocolate,36,27,7,2023
11,Ice Cream,23,27,7,2023
12,Oil,92,27,7,2023
13,Chips,45,27,7,2023
14,Umbrella,52,27,7,2023
1,Maggi,94,28,7,2023
2,Bru,98,28,7,2023
3,Red Bull,59,28,7,2023
4,Bourn Vita,96,28,7,2023
5,Horlicks,62,28,7,2023
6,Harpic,84,28,7,2023
7,Ariel,31,28,7,2023
8,Scotch Brite,86,28,7,2023
9,Coca Cola,32,28,7,2023
10,Chocolate,66,28,7,2023
11,Ice Cream,17,28,7,2023
12,Oil,24,28,7,2023
13,Chips,94,28,7,2023
14,Umbrella,53,28,7,2023
1,Maggi,57,29,8,2023
2,Bru,66,29,8,2023
3,Red Bull,45,29,8,2023
4,Bourn Vita,23,29,8,2023
5,Horlicks,31,29,8,2023
6,Harpic,46,29,8,2023
7,Ariel,85,29,8,2023
8,Scotch Brite,22,29,8,2023
9,Coca Cola,65,29,8,2023
10,Chocolate,26,29,8,2023
11,Ice Cream,1,29,8,2023
12,Oil,89,29,8,2023
13,Chips,16,29,8,2023
14,Umbrella,32,29,8,2023
1,Maggi,8,30,8,2023
2,Bru,42,30,8,2023
3,Red Bull,47,30,8,2023
4,Bourn Vita,38,30,8,2023
5,Horlicks,92,30,8,2023
6,Harpic,41,30,8,2023
7,Ariel,25,30,8,2023
8,Scotch Brite,98,30,8,2023
9,Coca Cola,49,30,8,2023
10,Chocolate,24,30,8,2023
11,Ice Cream,23,30,8,2023
12,Oil,12,30,8,2023
13,Chips,59,30,8,2023
14,Umbrella,6,30,8,2023
1,Maggi,56,31,8,2023
2,Bru,35,31,8,2023
3,Red Bull,44,31,8,2023
4,Bourn Vita,19,31,8,2023
5,Horlicks,64,31,8,2023
6,Harpic,7,31,8,2023
7,Ariel,15,31,8,2023
8,Scotch Brite,13,31,8,2023
9,Coca Cola,75,31,8,2023
10,Chocolate,86,31,8,2023
11,Ice Cream,14,31,8,2023
12,Oil,91,31,8,2023
13,Chips,97,31,8,2023
14,Umbrella,65,31,8,2023
1,Maggi,31,32,8,2023
2,Bru,86,32,8,2023
3,Red Bull,62,32,8,2023
4,Bourn Vita,85,32,8,2023
5,Horlicks,50,32,8,2023
6,Harpic,24,32,8,2023
7,Ariel,57,32,8,2023
8,Scotch Brite,62,32,8,2023
9,Coca Cola,61,32,8,2023
10,Chocolate,21,32,8,2023
11,Ice Cream,57,32,8,2023
12,Oil,57,32,8,2023
13,Chips,85,32,8,2023
14,Umbrella,48,32,8,2023
1,Maggi,51,33,9,2023
2,Bru,41,33,9,2023
3,Red Bull,69,33,9,2023
4,Bourn Vita,14,33,9,2023
5,Horlicks,53,33,9,2023
6,Harpic,59,33,9,2023
7,Ariel,96,33,9,2023
8,Scotch Brite,7,33,9,2023
9,Coca Cola,52,33,9,2023
10,Chocolate,59,33,9,2023
11,Ice Cream,4,33,9,2023
12,Oil,67,33,9,2023
13,Chips,5,33,9,2023
14,Umbrella,95,33,9,2023
1,Maggi,93,34,9,2023
2,Bru,46,34,9,2023
3,Red Bull,98,34,9,2023
4,Bourn Vita,54,34,9,2023
5,Horlicks,39,34,9,2023
6,Harpic,51,34,9,2023
7,Ariel,15,34,9,2023
8,Scotch Brite,12,34,9,2023
9,Coca Cola,29,34,9,2023
10,Chocolate,18,34,9,2023
11,Ice Cream,16,34,9,2023
12,Oil,62,34,9,2023
13,Chips,18,34,9,2023
14,Umbrella,91,34,9,2023
1,Maggi,57,35,9,2023
2,Bru,54,35,9,2023
3,Red Bull,89,35,9,2023
4,Bourn Vita,89,35,9,2023
5,Horlicks,61,35,9,2023
6,Harpic,22,35,9,2023
7,Ariel,8,35,9,2023
8,Scotch Brite,11,35,9,2023
9,Coca Cola,0,35,9,2023
10,Chocolate,57,35,9,2023
11,Ice Cream,0,35,9,2023
12,Oil,33,35,9,2023
13,Chips,95,35,9,2023
14,Umbrella,47,35,9,2023
1,Maggi,88,36,9,2023
2,Bru,0,36,9,2023
3,Red Bull,15,36,9,2023
4,Bourn Vita,60,36,9,2023
5,Horlicks,63,36,9,2023
6,Harpic,62,36,9,2023
7,Ariel,68,36,9,2023
8,Scotch Brite,21,36,9,2023
9,Coca Cola,92,36,9,2023
10,Chocolate,66,36,9,2023
11,Ice Cream,75,36,9,2023
12,Oil,25,36,9,2023
13,Chips,15,36,9,2023
14,Umbrella,50,36,9,2023
1,Maggi,85,37,10,2023
2,Bru,56,37,10,2023
3,Red Bull,28,37,10,2023
4,Bourn Vita,77,37,10,2023
5,Horlicks,91,37,10,2023
6,Harpic,68,37,10,2023
7,Ariel,46,37,10,2023
8,Scotch Brite,93,37,10,2023
9,Coca Cola,61,37,10,2023
10,Chocolate,68,37,10,2023
11,Ice Cream,75,37,10,2023
12,Oil,15,37,10,2023
13,Chips,89,37,10,2023
14,Umbrella,89,37,10,2023
1,Maggi,47,38,10,2023
2,Bru,84,38,10,2023
3,Red Bull,38,38,10,2023
4,Bourn Vita,99,38,10,2023
5,Horlicks,32,38,10,2023
6,Harpic,93,38,10,2023
7,Ariel,22,38,10,2023
8,Scotch Brite,9,38,10,2023
9,Coca Cola,68,38,10,2023
10,Chocolate,99,38,10,2023
11,Ice Cream,33,38,10,2023
12,Oil,51,38,10,2023
13,Chips,94,38,10,2023
14,Umbrella,9,38,10,2023
1,Maggi,18,39,10,2023
2,Bru,57,39,10,2023
3,Red Bull,95,39,10,2023
4,Bourn Vita,0,39,10,2023
5,Horlicks,68,39,10,2023
6,Harpic,3,39,10,2023
7,Ariel,15,39,10,2023
8,Scotch Brite,23,39,10,2023
9,Coca Cola,79,39,10,2023
10,Chocolate,1,39,10,2023
11,Ice Cream,91,39,10,2023
12,Oil,31,39,10,2023
13,Chips,90,39,10,2023
14,Umbrella,83,39,10,2023
1,Maggi,23,40,10,2023
2,Bru,11,40,10,2023
3,Red Bull,49,40,10,2023
4,Bourn Vita,34,40,10,2023
5,Horlicks,32,40,10,2023
6,Harpic,32,40,10,2023
7,Ariel,60,40,10,2023
8,Scotch Brite,50,40,10,2023
9,Coca Cola,42,40,10,2023
10,Chocolate,11,40,10,2023
11,Ice Cream,66,40,10,2023
12,Oil,64,40,10,2023
13,Chips,32,40,10,2023
14,Umbrella,39,40,10,2023
1,Maggi,73,41,11,2023
2,Bru,42,41,11,2023
3,Red Bull,43,41,11,2023
4,Bourn Vita,28,41,11,2023
5,Horlicks,12,41,11,2023
6,Harpic,11,41,11,2023
7,Ariel,94,41,11,2023
8,Scotch Brite,45,41,11,2023
9,Coca Cola,1,41,11,2023
10,Chocolate,34,41,11,2023
11,Ice Cream,86,41,11,2023
12,Oil,80,41,11,2023
13,Chips,89,41,11,2023
14,Umbrella,7,41,11,2023
1,Maggi,92,42,11,2023
2,Bru,25,42,11,2023
3,Red Bull,73,42,11,2023
4,Bourn Vita,89,42,11,2023
5,Horlicks,33,42,11,2023
6,Harpic,6,42,11,2023
7,Ariel,67,42,11,2023
8,Scotch Brite,57,42,11,2023
9,Coca Cola,74,42,11,2023
10,Chocolate,28,42,11,2023
11,Ice Cream,35,42,11,2023
12,Oil,88,42,11,2023
13,Chips,20,42,11,2023
14,Umbrella,35,42,11,2023
1,Maggi,9,43,11,2023
2,Bru,72,43,11,2023
3,Red Bull,23,43,11,2023
4,Bourn Vita,63,43,11,2023
5,Horlicks,98,43,11,2023
6,Harpic,48,43,11,2023
7,Ariel,98,43,11,2023
8,Scotch Brite,35,43,11,2023
9,Coca Cola,81,43,11,2023
10,Chocolate,95,43,11,2023
11,Ice Cream,23,43,11,2023
12,Oil,22,43,11,2023
13,Chips,61,43,11,2023
14,Umbrella,95,43,11,2023
1,Maggi,36,44,11,2023
2,Bru,11,44,11,2023
3,Red Bull,54,44,11,2023
4,Bourn Vita,12,44,11,2023
5,Horlicks,22,44,11,2023
6,Harpic,88,44,11,2023
7,Ariel,98,44,11,2023
8,Scotch Brite,29,44,11,2023
9,Coca Cola,16,44,11,2023
10,Chocolate,61,44,11,2023
11,Ice Cream,83,44,11,2023
12,Oil,88,44,11,2023
13,Chips,85,44,11,2023
14,Umbrella,12,44,11,2023
1,Maggi,58,45,12,2023
2,Bru,18,45,12,2023
3,Red Bull,48,45,12,2023
4,Bourn Vita,99,45,12,2023
5,Horlicks,11,45,12,2023
6,Harpic,60,45,12,2023
7,Ariel,18,45,12,2023
8,Scotch Brite,75,45,12,2023
9,Coca Cola,8,45,12,2023
10,Chocolate,70,45,12,2023
11,Ice Cream,27,45,12,2023
12,Oil,77,45,12,2023
13,Chips,94,45,12,2023
14,Umbrella,51,45,12,2023
1,Maggi,82,46,12,2023
2,Bru,15,46,12,2023
3,Red Bull,68,46,12,2023
4,Bourn Vita,98,46,12,2023
5,Horlicks,11,46,12,2023
6,Harpic,24,46,12,2023
7,Ariel,51,46,12,2023
8,Scotch Brite,84,46,12,2023
9,Coca Cola,99,46,12,2023
10,Chocolate,52,46,12,2023
11,Ice Cream,22,46,12,2023
12,Oil,15,46,12,2023
13,Chips,56,46,12,2023
14,Umbrella,38,46,12,2023
1,Maggi,52,47,12,2023
2,Bru,41,47,12,2023
3,Red Bull,57,47,12,2023
4,Bourn Vita,38,47,12,2023
5,Horlicks,13,47,12,2023
6,Harpic,94,47,12,2023
7,Ariel,4,47,12,2023
8,Scotch Brite,34,47,12,2023
9,Coca Cola,86,47,12,2023
10,Chocolate,92,47,12,2023
11,Ice Cream,74,47,12,2023
12,Oil,17,47,12,2023
13,Chips,75,47,12,2023
14,Umbrella,8,47,12,2023
1,Maggi,73,48,12,2023
2,Bru,57,48,12,2023
3,Red Bull,16,48,12,2023
4,Bourn Vita,6,48,12,2023
5,Horlicks,45,48,12,2023
6,Harpic,12,48,12,2023
7,Ariel,39,48,12,2023
8,Scotch Brite,41,48,12,2023
9,Coca Cola,8,48,12,2023
10,Chocolate,49,48,12,2023
11,Ice Cream,26,48,12,2023
12,Oil,65,48,12,2023
13,Chips,4,48,12,2023
14,Umbrella,28,48,12,2023
1,Maggi,36,49,1,2022
2,Bru,37,49,1,2022
3,Red Bull,82,49,1,2022
4,Bourn Vita,7,49,1,2022
5,Horlicks,64,49,1,2022
6,Harpic,85,49,1,2022
7,Ariel,16,49,1,2022
8,Scotch Brite,70,49,1,2022
9,Coca Cola,88,49,1,2022
10,Chocolate,44,49,1,2022
11,Ice Cream,3,49,1,2022
12,Oil,35,49,1,2022
13,Chips,69,49,1,2022
14,Umbrella,30,49,1,2022
1,Maggi,18,50,1,2022
2,Bru,60,50,1,2022
3,Red Bull,53,50,1,2022
4,Bourn Vita,38,50,1,2022
5,Horlicks,90,50,1,2022
6,Harpic,73,50,1,2022
7,Ariel,89,50,1,2022
8,Scotch Brite,18,50,1,2022
9,Coca Cola,38,50,1,2022
10,Chocolate,66,50,1,2022
11,Ice Cream,44,50,1,2022
12,Oil,12,50,1,2022
13,Chips,91,50,1,2022
14,Umbrella,57,50,1,2022
1,Maggi,19,51,1,2022
2,Bru,91,51,1,2022
3,Red Bull,71,51,1,2022
4,Bourn Vita,60,51,1,2022
5,Horlicks,38,51,1,2022
6,Harpic,0,51,1,2022
7,Ariel,2,51,1,2022
8,Scotch Brite,76,51,1,2022
9,Coca Cola,91,51,1,2022
10,Chocolate,61,51,1,2022
11,Ice Cream,62,51,1,2022
12,Oil,24,51,1,2022
13,Chips,55,51,1,2022
14,Umbrella,32,51,1,2022
1,Maggi,37,52,1,2022
2,Bru,5,52,1,2022
3,Red Bull,57,52,1,2022
4,Bourn Vita,43,52,1,2022
5,Horlicks,44,52,1,2022
6,Harpic,31,52,1,2022
7,Ariel,44,52,1,2022
8,Scotch Brite,60,52,1,2022
9,Coca Cola,46,52,1,2022
10,Chocolate,20,52,1,2022
11,Ice Cream,79,52,1,2022
12,Oil,84,52,1,2022
13,Chips,74,52,1,2022
14,Umbrella,35,52,1,2022
1,Maggi,98,1,2,2022
2,Bru,18,1,2,2022
3,Red Bull,19,1,2,2022
4,Bourn Vita,56,1,2,2022
5,Horlicks,17,1,2,2022
6,Harpic,46,1,2,2022
7,Ariel,48,1,2,2022
8,Scotch Brite,13,1,2,2022
9,Coca Cola,14,1,2,2022
10,Chocolate,30,1,2,2022
11,Ice Cream,0,1,2,2022
12,Oil,53,1,2,2022
13,Chips,2,1,2,2022
14,Umbrella,15,1,2,2022
1,Maggi,86,2,2,2022
2,Bru,56,2,2,2022
3,Red Bull,74,2,2,2022
4,Bourn Vita,11,2,2,2022
5,Horlicks,73,2,2,2022
6,Harpic,95,2,2,2022
7,Ariel,15,2,2,2022
8,Scotch Brite,71,2,2,2022
9,Coca Cola,75,2,2,2022
10,Chocolate,23,2,2,2022
11,Ice Cream,27,2,2,2022
12,Oil,7,2,2,2022
13,Chips,91,2,2,2022
14,Umbrella,35,2,2,2022
1,Maggi,89,3,2,2022
2,Bru,7,3,2,2022
3,Red Bull,57,3,2,2022
4,Bourn Vita,59,3,2,2022
5,Horlicks,49,3,2,2022
6,Harpic,27,3,2,2022
7,Ariel,91,3,2,2022
8,Scotch Brite,40,3,2,2022
9,Coca Cola,99,3,2,2022
10,Chocolate,63,3,2,2022
11,Ice Cream,26,3,2,2022
12,Oil,62,3,2,2022
13,Chips,16,3,2,2022
14,Umbrella,72,3,2,2022
1,Maggi,32,4,2,2022
2,Bru,83,4,2,2022
3,Red Bull,76,4,2,2022
4,Bourn Vita,91,4,2,2022
5,Horlicks,28,4,2,2022
6,Harpic,12,4,2,2022
7,Ariel,45,4,2,2022
8,Scotch Brite,34,4,2,2022
9,Coca Cola,5,4,2,2022
10,Chocolate,81,4,2,2022
11,Ice Cream,68,4,2,2022
12,Oil,46,4,2,2022
13,Chips,24,4,2,2022
14,Umbrella,65,4,2,2022
1,Maggi,9,5,3,2022
2,Bru,55,5,3,2022
3,Red Bull,29,5,3,2022
4,Bourn Vita,4,5,3,2022
5,Horlicks,32,5,3,2022
6,Harpic,64,5,3,2022
7,Ariel,17,5,3,2022
8,Scotch Brite,95,5,3,2022
9,Coca Cola,48,5,3,2022
10,Chocolate,10,5,3,2022
11,Ice Cream,84,5,3,2022
12,Oil,25,5,3,2022
13,Chips,62,5,3,2022
14,Umbrella,88,5,3,2022
1,Maggi,85,6,3,2022
2,Bru,58,6,3,2022
3,Red Bull,26,6,3,2022
4,Bourn Vita,48,6,3,2022
5,Horlicks,76,6,3,2022
6,Harpic,32,6,3,2022
7,Ariel,97,6,3,2022
8,Scotch Brite,98,6,3,2022
9,Coca Cola,0,6,3,2022
10,Chocolate,20,6,3,2022
11,Ice Cream,54,6,3,2022
12,Oil,5,6,3,2022
13,Chips,91,6,3,2022
14,Umbrella,80,6,3,2022
1,Maggi,68,7,3,2022
2,Bru,94,7,3,2022
3,Red Bull,4,7,3,2022
4,Bourn Vita,2,7,3,2022
5,Horlicks,52,7,3,2022
6,Harpic,22,7,3,2022
7,Ariel,52,7,3,2022
8,Scotch Brite,36,7,3,2022
9,Coca Cola,73,7,3,2022
10,Chocolate,73,7,3,2022
11,Ice Cream,82,7,3,2022
12,Oil,16,7,3,2022
13,Chips,84,7,3,2022
14,Umbrella,77,7,3,2022
1,Maggi,72,8,3,2022
2,Bru,0,8,3,2022
3,Red Bull,50,8,3,2022
4,Bourn Vita,44,8,3,2022
5,Horlicks,76,8,3,2022
6,Harpic,3,8,3,2022
7,Ariel,61,8,3,2022
8,Scotch Brite,64,8,3,2022
9,Coca Cola,31,8,3,2022
10,Chocolate,33,8,3,2022
11,Ice Cream,91,8,3,2022
12,Oil,94,8,3,2022
13,Chips,71,8,3,2022
14,Umbrella,38,8,3,2022
1,Maggi,25,9,4,2022
2,Bru,33,9,4,2022
3,Red Bull,53,9,4,2022
4,Bourn Vita,2,9,4,2022
5,Horlicks,49,9,4,2022
6,Harpic,11,9,4,2022
7,Ariel,64,9,4,2022
8,Scotch Brite,53,9,4,2022
9,Coca Cola,4,9,4,2022
10,Chocolate,93,9,4,2022
11,Ice Cream,93,9,4,2022
12,Oil,56,9,4,2022
13,Chips,16,9,4,2022
14,Umbrella,46,9,4,2022
1,Maggi,22,10,4,2022
2,Bru,78,10,4,2022
3,Red Bull,84,10,4,2022
4,Bourn Vita,13,10,4,2022
5,Horlicks,65,10,4,2022
6,Harpic,74,10,4,2022
7,Ariel,50,10,4,2022
8,Scotch Brite,37,10,4,2022
9,Coca Cola,63,10,4,2022
10,Chocolate,97,10,4,2022
11,Ice Cream,37,10,4,2022
12,Oil,49,10,4,2022
13,Chips,97,10,4,2022
14,Umbrella,81,10,4,2022
1,Maggi,29,11,4,2022
2,Bru,78,11,4,2022
3,Red Bull,90,11,4,2022
4,Bourn Vita,50,11,4,2022
5,Horlicks,62,11,4,2022
6,Harpic,97,11,4,2022
7,Ariel,51,11,4,2022
8,Scotch Brite,37,11,4,2022
9,Coca Cola,96,11,4,2022
10,Chocolate,87,11,4,2022
11,Ice Cream,78,11,4,2022
12,Oil,29,11,4,2022
13,Chips,50,11,4,2022
14,Umbrella,80,11,4,2022
1,Maggi,4,12,4,2022
2,Bru,28,12,4,2022
3,Red Bull,3,12,4,2022
4,Bourn Vita,9,12,4,2022
5,Horlicks,55,12,4,2022
6,Harpic,16,12,4,2022
7,Ariel,73,12,4,2022
8,Scotch Brite,16,12,4,2022
9,Coca Cola,83,12,4,2022
10,Chocolate,87,12,4,2022
11,Ice Cream,68,12,4,2022
12,Oil,33,12,4,2022
13,Chips,5,12,4,2022
14,Umbrella,52,12,4,2022
1,Maggi,65,13,5,2022
2,Bru,76,13,5,2022
3,Red Bull,42,13,5,2022
4,Bourn Vita,74,13,5,2022
5,Horlicks,22,13,5,2022
6,Harpic,54,13,5,2022
7,Ariel,79,13,5,2022
8,Scotch Brite,94,13,5,2022
9,Coca Cola,74,13,5,2022
10,Chocolate,15,13,5,2022
11,Ice Cream,7,13,5,2022
12,Oil,3,13,5,2022
13,Chips,3,13,5,2022
14,Umbrella,55,13,5,2022
1,Maggi,24,14,5,2022
2,Bru,66,14,5,2022
3,Red Bull,95,14,5,2022
4,Bourn Vita,66,14,5,2022
5,Horlicks,26,14,5,2022
6,Harpic,92,14,5,2022
7,Ariel,31,14,5,2022
8,Scotch Brite,49,14,5,2022
9,Coca Cola,60,14,5,2022
10,Chocolate,50,14,5,2022
11,Ice Cream,18,14,5,2022
12,Oil,20,14,5,2022
13,Chips,4,14,5,2022
14,Umbrella,81,14,5,2022
1,Maggi,91,15,5,2022
2,Bru,41,15,5,2022
3,Red Bull,60,15,5,2022
4,Bourn Vita,21,15,5,2022
5,Horlicks,20,15,5,2022
6,Harpic,69,15,5,2022
7,Ariel,0,15,5,2022
8,Scotch Brite,4,15,5,2022
9,Coca Cola,11,15,5,2022
10,Chocolate,89,15,5,2022
11,Ice Cream,45,15,5,2022
12,Oil,33,15,5,2022
13,Chips,48,15,5,2022
14,Umbrella,77,15,5,2022
1,Maggi,89,16,5,2022
2,Bru,44,16,5,2022
3,Red Bull,26,16,5,2022
4,Bourn Vita,72,16,5,2022
5,Horlicks,25,16,5,2022
6,Harpic,46,16,5,2022
7,Ariel,85,16,5,2022
8,Scotch Brite,55,16,5,2022
9,Coca Cola,93,16,5,2022
10,Chocolate,62,16,5,2022
11,Ice Cream,47,16,5,2022
12,Oil,60,16,5,2022
13,Chips,80,16,5,2022
14,Umbrella,25,16,6,2022
1,Maggi,35,17,6,2022
2,Bru,0,17,6,2022
3,Red Bull,7,17,6,2022
4,Bourn Vita,98,17,6,2022
5,Horlicks,51,17,6,2022
6,Harpic,78,17,6,2022
7,Ariel,46,17,6,2022
8,Scotch Brite,55,17,6,2022
9,Coca Cola,85,17,6,2022
10,Chocolate,13,17,6,2022
11,Ice Cream,89,17,6,2022
12,Oil,27,17,6,2022
13,Chips,86,17,6,2022
14,Umbrella,77,17,6,2022
1,Maggi,87,18,6,2022
2,Bru,1,18,6,2022
3,Red Bull,25,18,6,2022
4,Bourn Vita,13,18,6,2022
5,Horlicks,58,18,6,2022
6,Harpic,55,18,6,2022
7,Ariel,6,18,6,2022
8,Scotch Brite,2,18,6,2022
9,Coca Cola,22,18,6,2022
10,Chocolate,17,18,6,2022
11,Ice Cream,37,18,6,2022
12,Oil,98,18,6,2022
13,Chips,14,18,6,2022
14,Umbrella,63,18,6,2022
1,Maggi,88,19,6,2022
2,Bru,27,19,6,2022
3,Red Bull,73,19,6,2022
4,Bourn Vita,38,19,6,2022
5,Horlicks,56,19,6,2022
6,Harpic,16,19,6,2022
7,Ariel,85,19,6,2022
8,Scotch Brite,89,19,6,2022
9,Coca Cola,43,19,6,2022
10,Chocolate,24,19,6,2022
11,Ice Cream,16,19,6,2022
12,Oil,12,19,6,2022
13,Chips,83,19,6,2022
14,Umbrella,24,19,6,2022
1,Maggi,67,20,6,2022
2,Bru,9,20,6,2022
3,Red Bull,66,20,6,2022
4,Bourn Vita,17,20,6,2022
5,Horlicks,99,20,6,2022
6,Harpic,85,20,6,2022
7,Ariel,33,20,6,2022
8,Scotch Brite,7,20,6,2022
9,Coca Cola,39,20,6,2022
10,Chocolate,82,20,6,2022
11,Ice Cream,41,20,6,2022
12,Oil,40,20,6,2022
13,Chips,5,20,6,2022
14,Umbrella,51,20,6,2022
1,Maggi,25,21,7,2022
2,Bru,63,21,7,2022
3,Red Bull,97,21,7,2022
4,Bourn Vita,58,21,7,2022
5,Horlicks,55,21,7,2022
6,Harpic,58,21,7,2022
7,Ariel,69,21,7,2022
8,Scotch Brite,32,21,7,2022
9,Coca Cola,52,21,7,2022
10,Chocolate,21,21,7,2022
11,Ice Cream,20,21,7,2022
12,Oil,69,21,7,2022
13,Chips,69,21,7,2022
14,Umbrella,3,21,7,2022
1,Maggi,93,22,7,2022
2,Bru,74,22,7,2022
3,Red Bull,61,22,7,2022
4,Bourn Vita,61,22,7,2022
5,Horlicks,93,22,7,2022
6,Harpic,94,22,7,2022
7,Ariel,23,22,7,2022
8,Scotch Brite,54,22,7,2022
9,Coca Cola,8,22,7,2022
10,Chocolate,2,22,7,2022
11,Ice Cream,30,22,7,2022
12,Oil,39,22,7,2022
13,Chips,35,22,7,2022
14,Umbrella,23,22,7,2022
1,Maggi,94,23,7,2022
2,Bru,5,23,7,2022
3,Red Bull,65,23,7,2022
4,Bourn Vita,83,23,7,2022
5,Horlicks,91,23,7,2022
6,Harpic,74,23,7,2022
7,Ariel,3,23,7,2022
8,Scotch Brite,78,23,7,2022
9,Coca Cola,5,23,7,2022
10,Chocolate,93,23,7,2022
11,Ice Cream,50,23,7,2022
12,Oil,61,23,7,2022
13,Chips,56,23,7,2022
14,Umbrella,65,23,7,2022
1,Maggi,78,24,7,2022
2,Bru,74,24,7,2022
3,Red Bull,7,24,7,2022
4,Bourn Vita,25,24,7,2022
5,Horlicks,50,24,7,2022
6,Harpic,44,24,7,2022
7,Ariel,43,24,7,2022
8,Scotch Brite,4,24,7,2022
9,Coca Cola,69,24,7,2022
10,Chocolate,25,24,7,2022
11,Ice Cream,67,24,7,2022
12,Oil,18,24,7,2022
13,Chips,83,24,7,2022
14,Umbrella,96,24,7,2022
1,Maggi,19,25,8,2022
2,Bru,11,25,8,2022
3,Red Bull,46,25,8,2022
4,Bourn Vita,0,25,8,2022
5,Horlicks,89,25,8,2022
6,Harpic,13,25,8,2022
7,Ariel,63,25,8,2022
8,Scotch Brite,37,25,8,2022
9,Coca Cola,36,25,8,2022
10,Chocolate,10,25,8,2022
11,Ice Cream,99,25,8,2022
12,Oil,76,25,8,2022
13,Chips,2,25,8,2022
14,Umbrella,32,25,8,2022
1,Maggi,5,26,8,2022
2,Bru,49,26,8,2022
3,Red Bull,9,26,8,2022
4,Bourn Vita,4,26,8,2022
5,Horlicks,22,26,8,2022
6,Harpic,9,26,8,2022
7,Ariel,43,26,8,2022
8,Scotch Brite,1,26,8,2022
9,Coca Cola,12,26,8,2022
10,Chocolate,39,26,8,2022
11,Ice Cream,1,26,8,2022
12,Oil,83,26,8,2022
13,Chips,64,26,8,2022
14,Umbrella,62,26,8,2022
1,Maggi,72,27,8,2022
2,Bru,16,27,8,2022
3,Red Bull,8,27,8,2022
4,Bourn Vita,74,27,8,2022
5,Horlicks,14,27,8,2022
6,Harpic,23,27,8,2022
7,Ariel,37,27,8,2022
8,Scotch Brite,34,27,8,2022
9,Coca Cola,93,27,8,2022
10,Chocolate,94,27,8,2022
11,Ice Cream,48,27,8,2022
12,Oil,68,27,8,2022
13,Chips,61,27,8,2022
14,Umbrella,59,27,8,2022
1,Maggi,49,28,8,2022
2,Bru,77,28,8,2022
3,Red Bull,74,28,8,2022
4,Bourn Vita,8,28,8,2022
5,Horlicks,33,28,8,2022
6,Harpic,75,28,8,2022
7,Ariel,98,28,8,2022
8,Scotch Brite,34,28,8,2022
9,Coca Cola,0,28,8,2022
10,Chocolate,39,28,8,2022
11,Ice Cream,63,28,8,2022
12,Oil,21,28,8,2022
13,Chips,59,28,8,2022
14,Umbrella,63,28,8,2022
1,Maggi,92,29,9,2022
2,Bru,71,29,9,2022
3,Red Bull,10,29,9,2022
4,Bourn Vita,13,29,9,2022
5,Horlicks,59,29,9,2022
6,Harpic,29,29,9,2022
7,Ariel,34,29,9,2022
8,Scotch Brite,84,29,9,2022
9,Coca Cola,36,29,9,2022
10,Chocolate,4,29,9,2022
11,Ice Cream,82,29,9,2022
12,Oil,77,29,9,2022
13,Chips,25,29,9,2022
14,Umbrella,61,29,9,2022
1,Maggi,3,30,9,2022
2,Bru,88,30,9,2022
3,Red Bull,41,30,9,2022
4,Bourn Vita,88,30,9,2022
5,Horlicks,17,30,9,2022
6,Harpic,39,30,9,2022
7,Ariel,71,30,9,2022
8,Scotch Brite,38,30,9,2022
9,Coca Cola,13,30,9,2022
10,Chocolate,31,30,9,2022
11,Ice Cream,50,30,9,2022
12,Oil,37,30,9,2022
13,Chips,96,30,9,2022
14,Umbrella,22,30,9,2022
1,Maggi,62,31,9,2022
2,Bru,14,31,9,2022
3,Red Bull,96,31,9,2022
4,Bourn Vita,24,31,9,2022
5,Horlicks,16,31,9,2022
6,Harpic,96,31,9,2022
7,Ariel,65,31,9,2022
8,Scotch Brite,77,31,9,2022
9,Coca Cola,52,31,9,2022
10,Chocolate,50,31,9,2022
11,Ice Cream,38,31,9,2022
12,Oil,50,31,9,2022
13,Chips,69,31,9,2022
14,Umbrella,5,31,9,2022
1,Maggi,66,32,9,2022
2,Bru,6,32,9,2022
3,Red Bull,50,32,9,2022
4,Bourn Vita,71,32,9,2022
5,Horlicks,41,32,9,2022
6,Harpic,63,32,9,2022
7,Ariel,14,32,9,2022
8,Scotch Brite,28,32,9,2022
9,Coca Cola,32,32,9,2022
10,Chocolate,93,32,9,2022
11,Ice Cream,26,32,9,2022
12,Oil,35,32,9,2022
13,Chips,28,32,9,2022
14,Umbrella,37,32,9,2022
1,Maggi,56,33,10,2022
2,Bru,96,33,10,2022
3,Red Bull,26,33,10,2022
4,Bourn Vita,54,33,10,2022
5,Horlicks,32,33,10,2022
6,Harpic,67,33,10,2022
7,Ariel,85,33,10,2022
8,Scotch Brite,65,33,10,2022
9,Coca Cola,9,33,10,2022
10,Chocolate,4,33,10,2022
11,Ice Cream,73,33,10,2022
12,Oil,96,33,10,2022
13,Chips,37,33,10,2022
14,Umbrella,12,33,10,2022
1,Maggi,30,34,10,2022
2,Bru,46,34,10,2022
3,Red Bull,99,34,10,2022
4,Bourn Vita,87,34,10,2022
5,Horlicks,51,34,10,2022
6,Harpic,55,34,10,2022
7,Ariel,14,34,10,2022
8,Scotch Brite,28,34,10,2022
9,Coca Cola,7,34,10,2022
10,Chocolate,4,34,10,2022
11,Ice Cream,28,34,10,2022
12,Oil,46,34,10,2022
13,Chips,67,34,10,2022
14,Umbrella,75,34,10,2022
1,Maggi,44,35,10,2022
2,Bru,1,35,10,2022
3,Red Bull,26,35,10,2022
4,Bourn Vita,94,35,10,2022
5,Horlicks,35,35,10,2022
6,Harpic,35,35,10,2022
7,Ariel,25,35,10,2022
8,Scotch Brite,42,35,10,2022
9,Coca Cola,26,35,10,2022
10,Chocolate,68,35,10,2022
11,Ice Cream,19,35,10,2022
12,Oil,10,35,10,2022
13,Chips,73,35,10,2022
14,Umbrella,37,35,10,2022
1,Maggi,5,36,10,2022
2,Bru,71,36,10,2022
3,Red Bull,22,36,10,2022
4,Bourn Vita,46,36,10,2022
5,Horlicks,89,36,10,2022
6,Harpic,45,36,10,2022
7,Ariel,11,36,10,2022
8,Scotch Brite,89,36,10,2022
9,Coca Cola,12,36,10,2022
10,Chocolate,61,36,10,2022
11,Ice Cream,81,36,10,2022
12,Oil,88,36,10,2022
13,Chips,96,36,10,2022
14,Umbrella,59,36,10,2022
1,Maggi,42,37,11,2022
2,Bru,75,37,11,2022
3,Red Bull,99,37,11,2022
4,Bourn Vita,67,37,11,2022
5,Horlicks,4,37,11,2022
6,Harpic,36,37,11,2022
7,Ariel,71,37,11,2022
8,Scotch Brite,91,37,11,2022
9,Coca Cola,30,37,11,2022
10,Chocolate,8,37,11,2022
11,Ice Cream,50,37,11,2022
12,Oil,28,37,11,2022
13,Chips,77,37,11,2022
14,Umbrella,39,37,11,2022
1,Maggi,40,38,11,2022
2,Bru,85,38,11,2022
3,Red Bull,10,38,11,2022
4,Bourn Vita,22,38,11,2022
5,Horlicks,0,38,11,2022
6,Harpic,45,38,11,2022
7,Ariel,20,38,11,2022
8,Scotch Brite,89,38,11,2022
9,Coca Cola,35,38,11,2022
10,Chocolate,53,38,11,2022
11,Ice Cream,86,38,11,2022
12,Oil,56,38,11,2022
13,Chips,0,38,11,2022
14,Umbrella,62,38,11,2022
1,Maggi,53,39,11,2022
2,Bru,54,39,11,2022
3,Red Bull,39,39,11,2022
4,Bourn Vita,14,39,11,2022
5,Horlicks,20,39,11,2022
6,Harpic,46,39,11,2022
7,Ariel,72,39,11,2022
8,Scotch Brite,52,39,11,2022
9,Coca Cola,8,39,11,2022
10,Chocolate,73,39,11,2022
11,Ice Cream,51,39,11,2022
12,Oil,56,39,11,2022
13,Chips,25,39,11,2022
14,Umbrella,40,39,11,2022
1,Maggi,34,40,11,2022
2,Bru,62,40,11,2022
3,Red Bull,24,40,11,2022
4,Bourn Vita,89,40,11,2022
5,Horlicks,74,40,11,2022
6,Harpic,37,40,11,2022
7,Ariel,1,40,11,2022
8,Scotch Brite,6,40,11,2022
9,Coca Cola,81,40,11,2022
10,Chocolate,90,40,11,2022
11,Ice Cream,33,40,11,2022
12,Oil,90,40,11,2022
13,Chips,16,40,11,2022
14,Umbrella,42,40,11,2022
1,Maggi,58,41,12,2022
2,Bru,50,41,12,2022
3,Red Bull,53,41,12,2022
4,Bourn Vita,23,41,12,2022
5,Horlicks,24,41,12,2022
6,Harpic,70,41,12,2022
7,Ariel,51,41,12,2022
8,Scotch Brite,69,41,12,2022
9,Coca Cola,87,41,12,2022
10,Chocolate,32,41,12,2022
11,Ice Cream,48,41,12,2022
12,Oil,28,41,12,2022
13,Chips,62,41,12,2022
14,Umbrella,21,41,12,2022
1,Maggi,25,42,12,2022
2,Bru,27,42,12,2022
3,Red Bull,84,42,12,2022
4,Bourn Vita,48,42,12,2022
5,Horlicks,70,42,12,2022
6,Harpic,80,42,12,2022
7,Ariel,83,42,12,2022
8,Scotch Brite,48,42,12,2022
9,Coca Cola,19,42,12,2022
10,Chocolate,85,42,12,2022
11,Ice Cream,91,42,12,2022
12,Oil,62,42,12,2022
13,Chips,60,42,12,2022
14,Umbrella,48,42,12,2022
1,Maggi,70,43,12,2022
2,Bru,0,43,12,2022
3,Red Bull,95,43,12,2022
4,Bourn Vita,12,43,12,2022
5,Horlicks,93,43,12,2022
6,Harpic,86,43,12,2022
7,Ariel,50,43,12,2022
8,Scotch Brite,55,43,12,2022
9,Coca Cola,82,43,12,2022
10,Chocolate,61,43,12,2022
11,Ice Cream,31,43,12,2022
12,Oil,29,43,12,2022
13,Chips,28,43,12,2022
14,Umbrella,48,43,12,2022
1,Maggi,44,44,12,2022
2,Bru,92,44,12,2022
3,Red Bull,29,44,12,2022
4,Bourn Vita,15,44,12,2022
5,Horlicks,39,44,12,2022
6,Harpic,18,44,12,2022
7,Ariel,17,44,12,2022
8,Scotch Brite,0,44,12,2022
9,Coca Cola,77,44,12,2022
10,Chocolate,46,44,12,2022
11,Ice Cream,65,44,12,2022
12,Oil,91,44,12,2022
13,Chips,93,44,12,2022
14,Umbrella,37,44,12,2022
1,Maggi,50,45,1,2021
2,Bru,62,45,1,2021
3,Red Bull,3,45,1,2021
4,Bourn Vita,0,45,1,2021
5,Horlicks,7,45,1,2021
6,Harpic,28,45,1,2021
7,Ariel,54,45,1,2021
8,Scotch Brite,2,45,1,2021
9,Coca Cola,31,45,1,2021
10,Chocolate,9,45,1,2021
11,Ice Cream,73,45,1,2021
12,Oil,82,45,1,2021
13,Chips,33,45,1,2021
14,Umbrella,96,45,1,2021
1,Maggi,86,46,1,2021
2,Bru,54,46,1,2021
3,Red Bull,91,46,1,2021
4,Bourn Vita,31,46,1,2021
5,Horlicks,49,46,1,2021
6,Harpic,6,46,1,2021
7,Ariel,92,46,1,2021
8,Scotch Brite,7,46,1,2021
9,Coca Cola,64,46,1,2021
10,Chocolate,56,46,1,2021
11,Ice Cream,66,46,1,2021
12,Oil,87,46,1,2021
13,Chips,86,46,1,2021
14,Umbrella,58,46,1,2021
1,Maggi,71,47,1,2021
2,Bru,53,47,1,2021
3,Red Bull,66,47,1,2021
4,Bourn Vita,50,47,1,2021
5,Horlicks,96,47,1,2021
6,Harpic,91,47,1,2021
7,Ariel,7,47,1,2021
8,Scotch Brite,33,47,1,2021
9,Coca Cola,34,47,1,2021
10,Chocolate,95,47,1,2021
11,Ice Cream,87,47,1,2021
12,Oil,77,47,1,2021
13,Chips,31,47,1,2021
14,Umbrella,45,47,1,2021
1,Maggi,15,48,1,2021
2,Bru,67,48,1,2021
3,Red Bull,36,48,1,2021
4,Bourn Vita,53,48,1,2021
5,Horlicks,84,48,1,2021
6,Harpic,13,48,1,2021
7,Ariel,94,48,1,2021
8,Scotch Brite,54,48,1,2021
9,Coca Cola,47,48,1,2021
10,Chocolate,81,48,1,2021
11,Ice Cream,6,48,1,2021
12,Oil,73,48,1,2021
13,Chips,6,48,1,2021
14,Umbrella,32,48,1,2021
1,Maggi,22,49,2,2021
2,Bru,84,49,2,2021
3,Red Bull,18,49,2,2021
4,Bourn Vita,18,49,2,2021
5,Horlicks,35,49,2,2021
6,Harpic,28,49,2,2021
7,Ariel,59,49,2,2021
8,Scotch Brite,81,49,2,2021
9,Coca Cola,1,49,2,2021
10,Chocolate,0,49,2,2021
11,Ice Cream,46,49,2,2021
12,Oil,68,49,2,2021
13,Chips,19,49,2,2021
14,Umbrella,10,49,2,2021
1,Maggi,1,50,2,2021
2,Bru,66,50,2,2021
3,Red Bull,86,50,2,2021
4,Bourn Vita,11,50,2,2021
5,Horlicks,19,50,2,2021
6,Harpic,4,50,2,2021
7,Ariel,36,50,2,2021
8,Scotch Brite,37,50,2,2021
9,Coca Cola,93,50,2,2021
10,Chocolate,8,50,2,2021
11,Ice Cream,97,50,2,2021
12,Oil,52,50,2,2021
13,Chips,43,50,2,2021
14,Umbrella,98,50,2,2021
1,Maggi,85,51,2,2021
2,Bru,23,51,2,2021
3,Red Bull,80,51,2,2021
4,Bourn Vita,73,51,2,2021
5,Horlicks,29,51,2,2021
6,Harpic,58,51,2,2021
7,Ariel,86,51,2,2021
8,Scotch Brite,95,51,2,2021
9,Coca Cola,80,51,2,2021
10,Chocolate,80,51,2,2021
11,Ice Cream,13,51,2,2021
12,Oil,8,51,2,2021
13,Chips,39,51,2,2021
14,Umbrella,65,51,2,2021
1,Maggi,24,52,2,2021
2,Bru,72,52,2,2021
3,Red Bull,21,52,2,2021
4,Bourn Vita,3,52,2,2021
5,Horlicks,25,52,2,2021
6,Harpic,57,52,2,2021
7,Ariel,28,52,2,2021
8,Scotch Brite,97,52,2,2021
9,Coca Cola,86,52,2,2021
10,Chocolate,36,52,2,2021
11,Ice Cream,74,52,2,2021
12,Oil,69,52,2,2021
13,Chips,17,52,2,2021
14,Umbrella,84,52,2,2021
1,Maggi,41,1,3,2021
2,Bru,99,1,3,2021
3,Red Bull,40,1,3,2021
4,Bourn Vita,37,1,3,2021
5,Horlicks,33,1,3,2021
6,Harpic,16,1,3,2021
7,Ariel,36,1,3,2021
8,Scotch Brite,24,1,3,2021
9,Coca Cola,75,1,3,2021
10,Chocolate,86,1,3,2021
11,Ice Cream,85,1,3,2021
12,Oil,84,1,3,2021
13,Chips,26,1,3,2021
14,Umbrella,56,1,3,2021
1,Maggi,30,2,3,2021
2,Bru,5,2,3,2021
3,Red Bull,90,2,3,2021
4,Bourn Vita,39,2,3,2021
5,Horlicks,97,2,3,2021
6,Harpic,11,2,3,2021
7,Ariel,52,2,3,2021
8,Scotch Brite,70,2,3,2021
9,Coca Cola,9,2,3,2021
10,Chocolate,44,2,3,2021
11,Ice Cream,16,2,3,2021
12,Oil,25,2,3,2021
13,Chips,84,2,3,2021
14,Umbrella,91,2,3,2021
1,Maggi,61,3,3,2021
2,Bru,45,3,3,2021
3,Red Bull,63,3,3,2021
4,Bourn Vita,1,3,3,2021
5,Horlicks,53,3,3,2021
6,Harpic,64,3,3,2021
7,Ariel,50,3,3,2021
8,Scotch Brite,52,3,3,2021
9,Coca Cola,35,3,3,2021
10,Chocolate,25,3,3,2021
11,Ice Cream,28,3,3,2021
12,Oil,20,3,3,2021
13,Chips,10,3,3,2021
14,Umbrella,39,3,3,2021
1,Maggi,10,4,3,2021
2,Bru,35,4,3,2021
3,Red Bull,58,4,3,2021
4,Bourn Vita,38,4,3,2021
5,Horlicks,98,4,3,2021
6,Harpic,53,4,3,2021
7,Ariel,97,4,3,2021
8,Scotch Brite,54,4,3,2021
9,Coca Cola,23,4,3,2021
10,Chocolate,21,4,3,2021
11,Ice Cream,68,4,3,2021
12,Oil,55,4,3,2021
13,Chips,32,4,3,2021
14,Umbrella,35,4,3,2021
1,Maggi,19,5,4,2021
2,Bru,82,5,4,2021
3,Red Bull,98,5,4,2021
4,Bourn Vita,80,5,4,2021
5,Horlicks,61,5,4,2021
6,Harpic,97,5,4,2021
7,Ariel,72,5,4,2021
8,Scotch Brite,25,5,4,2021
9,Coca Cola,65,5,4,2021
10,Chocolate,72,5,4,2021
11,Ice Cream,72,5,4,2021
12,Oil,39,5,4,2021
13,Chips,16,5,4,2021
14,Umbrella,0,5,4,2021
1,Maggi,88,6,4,2021
2,Bru,60,6,4,2021
3,Red Bull,42,6,4,2021
4,Bourn Vita,41,6,4,2021
5,Horlicks,24,6,4,2021
6,Harpic,38,6,4,2021
7,Ariel,34,6,4,2021
8,Scotch Brite,2,6,4,2021
9,Coca Cola,43,6,4,2021
10,Chocolate,50,6,4,2021
11,Ice Cream,93,6,4,2021
12,Oil,97,6,4,2021
13,Chips,11,6,4,2021
14,Umbrella,18,6,4,2021
1,Maggi,43,7,4,2021
2,Bru,58,7,4,2021
3,Red Bull,48,7,4,2021
4,Bourn Vita,60,7,4,2021
5,Horlicks,16,7,4,2021
6,Harpic,73,7,4,2021
7,Ariel,56,7,4,2021
8,Scotch Brite,54,7,4,2021
9,Coca Cola,46,7,4,2021
10,Chocolate,11,7,4,2021
11,Ice Cream,61,7,4,2021
12,Oil,79,7,4,2021
13,Chips,87,7,4,2021
14,Umbrella,82,7,4,2021
1,Maggi,7,8,4,2021
2,Bru,94,8,4,2021
3,Red Bull,20,8,4,2021
4,Bourn Vita,80,8,4,2021
5,Horlicks,86,8,4,2021
6,Harpic,79,8,4,2021
7,Ariel,69,8,4,2021
8,Scotch Brite,71,8,4,2021
9,Coca Cola,24,8,4,2021
10,Chocolate,81,8,4,2021
11,Ice Cream,88,8,4,2021
12,Oil,11,8,4,2021
13,Chips,14,8,4,2021
14,Umbrella,58,8,4,2021
1,Maggi,25,9,5,2021
2,Bru,25,9,5,2021
3,Red Bull,46,9,5,2021
4,Bourn Vita,31,9,5,2021
5,Horlicks,9,9,5,2021
6,Harpic,15,9,5,2021
7,Ariel,70,9,5,2021
8,Scotch Brite,16,9,5,2021
9,Coca Cola,22,9,5,2021
10,Chocolate,25,9,5,2021
11,Ice Cream,84,9,5,2021
12,Oil,85,9,5,2021
13,Chips,6,9,5,2021
14,Umbrella,13,9,5,2021
1,Maggi,78,10,5,2021
2,Bru,6,10,5,2021
3,Red Bull,8,10,5,2021
4,Bourn Vita,47,10,5,2021
5,Horlicks,71,10,5,2021
6,Harpic,58,10,5,2021
7,Ariel,86,10,5,2021
8,Scotch Brite,92,10,5,2021
9,Coca Cola,81,10,5,2021
10,Chocolate,94,10,5,2021
11,Ice Cream,93,10,5,2021
12,Oil,38,10,5,2021
13,Chips,98,10,5,2021
14,Umbrella,17,10,5,2021
1,Maggi,58,11,5,2021
2,Bru,16,11,5,2021
3,Red Bull,13,11,5,2021
4,Bourn Vita,30,11,5,2021
5,Horlicks,23,11,5,2021
6,Harpic,98,11,5,2021
7,Ariel,59,11,5,2021
8,Scotch Brite,44,11,5,2021
9,Coca Cola,97,11,5,2021
10,Chocolate,2,11,5,2021
11,Ice Cream,36,11,5,2021
12,Oil,42,11,5,2021
13,Chips,39,11,5,2021
14,Umbrella,89,11,5,2021
1,Maggi,54,12,5,2021
2,Bru,86,12,5,2021
3,Red Bull,38,12,5,2021
4,Bourn Vita,14,12,5,2021
5,Horlicks,3,12,5,2021
6,Harpic,92,12,5,2021
7,Ariel,85,12,5,2021
8,Scotch Brite,24,12,5,2021
9,Coca Cola,12,12,5,2021
10,Chocolate,81,12,5,2021
11,Ice Cream,32,12,5,2021
12,Oil,15,12,5,2021
13,Chips,41,12,5,2021
14,Umbrella,65,12,6,2021
1,Maggi,54,13,6,2021
2,Bru,98,13,6,2021
3,Red Bull,41,13,6,2021
4,Bourn Vita,33,13,6,2021
5,Horlicks,29,13,6,2021
6,Harpic,12,13,6,2021
7,Ariel,12,13,6,2021
8,Scotch Brite,17,13,6,2021
9,Coca Cola,31,13,6,2021
10,Chocolate,95,13,6,2021
11,Ice Cream,98,13,6,2021
12,Oil,38,13,6,2021
13,Chips,45,13,6,2021
14,Umbrella,28,13,6,2021
1,Maggi,61,14,6,2021
2,Bru,92,14,6,2021
3,Red Bull,61,14,6,2021
4,Bourn Vita,56,14,6,2021
5,Horlicks,15,14,6,2021
6,Harpic,55,14,6,2021
7,Ariel,9,14,6,2021
8,Scotch Brite,29,14,6,2021
9,Coca Cola,24,14,6,2021
10,Chocolate,83,14,6,2021
11,Ice Cream,4,14,6,2021
12,Oil,64,14,6,2021
13,Chips,93,14,6,2021
14,Umbrella,48,14,6,2021
1,Maggi,2,15,6,2021
2,Bru,44,15,6,2021
3,Red Bull,13,15,6,2021
4,Bourn Vita,29,15,6,2021
5,Horlicks,67,15,6,2021
6,Harpic,17,15,6,2021
7,Ariel,61,15,6,2021
8,Scotch Brite,36,15,6,2021
9,Coca Cola,24,15,6,2021
10,Chocolate,47,15,6,2021
11,Ice Cream,64,15,6,2021
12,Oil,52,15,6,2021
13,Chips,78,15,6,2021
14,Umbrella,72,15,6,2021
1,Maggi,14,16,6,2021
2,Bru,48,16,6,2021
3,Red Bull,87,16,6,2021
4,Bourn Vita,67,16,6,2021
5,Horlicks,11,16,6,2021
6,Harpic,58,16,6,2021
7,Ariel,36,16,6,2021
8,Scotch Brite,60,16,6,2021
9,Coca Cola,42,16,6,2021
10,Chocolate,69,16,6,2021
11,Ice Cream,38,16,6,2021
12,Oil,55,16,6,2021
13,Chips,62,16,6,2021
14,Umbrella,45,16,6,2021
1,Maggi,87,17,7,2021
2,Bru,10,17,7,2021
3,Red Bull,61,17,7,2021
4,Bourn Vita,76,17,7,2021
5,Horlicks,97,17,7,2021
6,Harpic,24,17,7,2021
7,Ariel,70,17,7,2021
8,Scotch Brite,51,17,7,2021
9,Coca Cola,3,17,7,2021
10,Chocolate,58,17,7,2021
11,Ice Cream,71,17,7,2021
12,Oil,19,17,7,2021
13,Chips,92,17,7,2021
14,Umbrella,62,17,7,2021
1,Maggi,53,18,7,2021
2,Bru,73,18,7,2021
3,Red Bull,97,18,7,2021
4,Bourn Vita,56,18,7,2021
5,Horlicks,89,18,7,2021
6,Harpic,40,18,7,2021
7,Ariel,2,18,7,2021
8,Scotch Brite,5,18,7,2021
9,Coca Cola,4,18,7,2021
10,Chocolate,4,18,7,2021
11,Ice Cream,53,18,7,2021
12,Oil,46,18,7,2021
13,Chips,86,18,7,2021
14,Umbrella,48,18,7,2021
1,Maggi,8,19,7,2021
2,Bru,98,19,7,2021
3,Red Bull,19,19,7,2021
4,Bourn Vita,60,19,7,2021
5,Horlicks,34,19,7,2021
6,Harpic,49,19,7,2021
7,Ariel,81,19,7,2021
8,Scotch Brite,61,19,7,2021
9,Coca Cola,16,19,7,2021
10,Chocolate,87,19,7,2021
11,Ice Cream,2,19,7,2021
12,Oil,31,19,7,2021
13,Chips,98,19,7,2021
14,Umbrella,12,19,7,2021
1,Maggi,88,20,7,2021
2,Bru,72,20,7,2021
3,Red Bull,67,20,7,2021
4,Bourn Vita,13,20,7,2021
5,Horlicks,97,20,7,2021
6,Harpic,10,20,7,2021
7,Ariel,55,20,7,2021
8,Scotch Brite,66,20,7,2021
9,Coca Cola,91,20,7,2021
10,Chocolate,28,20,7,2021
11,Ice Cream,8,20,7,2021
12,Oil,66,20,7,2021
13,Chips,24,20,7,2021
14,Umbrella,97,20,7,2021
1,Maggi,75,21,8,2021
2,Bru,41,21,8,2021
3,Red Bull,8,21,8,2021
4,Bourn Vita,78,21,8,2021
5,Horlicks,39,21,8,2021
6,Harpic,24,21,8,2021
7,Ariel,4,21,8,2021
8,Scotch Brite,10,21,8,2021
9,Coca Cola,58,21,8,2021
10,Chocolate,97,21,8,2021
11,Ice Cream,87,21,8,2021
12,Oil,78,21,8,2021
13,Chips,37,21,8,2021
14,Umbrella,71,21,8,2021
1,Maggi,4,22,8,2021
2,Bru,47,22,8,2021
3,Red Bull,89,22,8,2021
4,Bourn Vita,17,22,8,2021
5,Horlicks,69,22,8,2021
6,Harpic,36,22,8,2021
7,Ariel,59,22,8,2021
8,Scotch Brite,47,22,8,2021
9,Coca Cola,76,22,8,2021
10,Chocolate,27,22,8,2021
11,Ice Cream,68,22,8,2021
12,Oil,76,22,8,2021
13,Chips,80,22,8,2021
14,Umbrella,39,22,8,2021
1,Maggi,44,23,8,2021
2,Bru,95,23,8,2021
3,Red Bull,61,23,8,2021
4,Bourn Vita,92,23,8,2021
5,Horlicks,57,23,8,2021
6,Harpic,66,23,8,2021
7,Ariel,55,23,8,2021
8,Scotch Brite,39,23,8,2021
9,Coca Cola,97,23,8,2021
10,Chocolate,39,23,8,2021
11,Ice Cream,90,23,8,2021
12,Oil,76,23,8,2021
13,Chips,32,23,8,2021
14,Umbrella,5,23,8,2021
1,Maggi,87,24,8,2021
2,Bru,18,24,8,2021
3,Red Bull,79,24,8,2021
4,Bourn Vita,39,24,8,2021
5,Horlicks,91,24,8,2021
6,Harpic,96,24,8,2021
7,Ariel,58,24,8,2021
8,Scotch Brite,58,24,8,2021
9,Coca Cola,47,24,8,2021
10,Chocolate,40,24,8,2021
11,Ice Cream,12,24,8,2021
12,Oil,44,24,8,2021
13,Chips,88,24,8,2021
14,Umbrella,52,24,8,2021
1,Maggi,41,25,9,2021
2,Bru,99,25,9,2021
3,Red Bull,62,25,9,2021
4,Bourn Vita,26,25,9,2021
5,Horlicks,37,25,9,2021
6,Harpic,59,25,9,2021
7,Ariel,6,25,9,2021
8,Scotch Brite,4,25,9,2021
9,Coca Cola,44,25,9,2021
10,Chocolate,57,25,9,2021
11,Ice Cream,30,25,9,2021
12,Oil,22,25,9,2021
13,Chips,41,25,9,2021
14,Umbrella,9,25,9,2021
1,Maggi,31,26,9,2021
2,Bru,52,26,9,2021
3,Red Bull,29,26,9,2021
4,Bourn Vita,38,26,9,2021
5,Horlicks,30,26,9,2021
6,Harpic,81,26,9,2021
7,Ariel,99,26,9,2021
8,Scotch Brite,1,26,9,2021
9,Coca Cola,77,26,9,2021
10,Chocolate,76,26,9,2021
11,Ice Cream,92,26,9,2021
12,Oil,11,26,9,2021
13,Chips,38,26,9,2021
14,Umbrella,65,26,9,2021
1,Maggi,95,27,9,2021
2,Bru,12,27,9,2021
3,Red Bull,45,27,9,2021
4,Bourn Vita,26,27,9,2021
5,Horlicks,16,27,9,2021
6,Harpic,94,27,9,2021
7,Ariel,97,27,9,2021
8,Scotch Brite,59,27,9,2021
9,Coca Cola,63,27,9,2021
10,Chocolate,87,27,9,2021
11,Ice Cream,34,27,9,2021
12,Oil,69,27,9,2021
13,Chips,82,27,9,2021
14,Umbrella,29,27,9,2021
1,Maggi,70,28,9,2021
2,Bru,73,28,9,2021
3,Red Bull,95,28,9,2021
4,Bourn Vita,97,28,9,2021
5,Horlicks,62,28,9,2021
6,Harpic,27,28,9,2021
7,Ariel,59,28,9,2021
8,Scotch Brite,78,28,9,2021
9,Coca Cola,93,28,9,2021
10,Chocolate,36,28,9,2021
11,Ice Cream,92,28,9,2021
12,Oil,21,28,9,2021
13,Chips,67,28,9,2021
14,Umbrella,19,28,9,2021
1,Maggi,95,29,10,2021
2,Bru,99,29,10,2021
3,Red Bull,67,29,10,2021
4,Bourn Vita,90,29,10,2021
5,Horlicks,63,29,10,2021
6,Harpic,16,29,10,2021
7,Ariel,11,29,10,2021
8,Scotch Brite,21,29,10,2021
9,Coca Cola,16,29,10,2021
10,Chocolate,9,29,10,2021
11,Ice Cream,64,29,10,2021
12,Oil,21,29,10,2021
13,Chips,89,29,10,2021
14,Umbrella,81,29,10,2021
1,Maggi,49,30,10,2021
2,Bru,13,30,10,2021
3,Red Bull,63,30,10,2021
4,Bourn Vita,46,30,10,2021
5,Horlicks,28,30,10,2021
6,Harpic,75,30,10,2021
7,Ariel,35,30,10,2021
8,Scotch Brite,98,30,10,2021
9,Coca Cola,51,30,10,2021
10,Chocolate,75,30,10,2021
11,Ice Cream,6,30,10,2021
12,Oil,28,30,10,2021
13,Chips,10,30,10,2021
14,Umbrella,32,30,10,2021
1,Maggi,5,31,10,2021
2,Bru,78,31,10,2021
3,Red Bull,31,31,10,2021
4,Bourn Vita,50,31,10,2021
5,Horlicks,74,31,10,2021
6,Harpic,57,31,10,2021
7,Ariel,86,31,10,2021
8,Scotch Brite,25,31,10,2021
9,Coca Cola,97,31,10,2021
10,Chocolate,45,31,10,2021
11,Ice Cream,97,31,10,2021
12,Oil,28,31,10,2021
13,Chips,3,31,10,2021
14,Umbrella,80,31,10,2021
1,Maggi,98,32,10,2021
2,Bru,12,32,10,2021
3,Red Bull,38,32,10,2021
4,Bourn Vita,14,32,10,2021
5,Horlicks,28,32,10,2021
6,Harpic,28,32,10,2021
7,Ariel,74,32,10,2021
8,Scotch Brite,31,32,10,2021
9,Coca Cola,1,32,10,2021
10,Chocolate,46,32,10,2021
11,Ice Cream,77,32,10,2021
12,Oil,83,32,10,2021
13,Chips,21,32,10,2021
14,Umbrella,74,32,10,2021
1,Maggi,26,33,11,2021
2,Bru,66,33,11,2021
3,Red Bull,80,33,11,2021
4,Bourn Vita,55,33,11,2021
5,Horlicks,91,33,11,2021
6,Harpic,92,33,11,2021
7,Ariel,20,33,11,2021
8,Scotch Brite,46,33,11,2021
9,Coca Cola,79,33,11,2021
10,Chocolate,58,33,11,2021
11,Ice Cream,83,33,11,2021
12,Oil,5,33,11,2021
13,Chips,18,33,11,2021
14,Umbrella,56,33,11,2021
1,Maggi,68,34,11,2021
2,Bru,2,34,11,2021
3,Red Bull,0,34,11,2021
4,Bourn Vita,57,34,11,2021
5,Horlicks,37,34,11,2021
6,Harpic,14,34,11,2021
7,Ariel,33,34,11,2021
8,Scotch Brite,60,34,11,2021
9,Coca Cola,34,34,11,2021
10,Chocolate,63,34,11,2021
11,Ice Cream,24,34,11,2021
12,Oil,23,34,11,2021
13,Chips,11,34,11,2021
14,Umbrella,17,34,11,2021
1,Maggi,14,35,11,2021
2,Bru,79,35,11,2021
3,Red Bull,26,35,11,2021
4,Bourn Vita,71,35,11,2021
5,Horlicks,59,35,11,2021
6,Harpic,45,35,11,2021
7,Ariel,88,35,11,2021
8,Scotch Brite,16,35,11,2021
9,Coca Cola,92,35,11,2021
10,Chocolate,52,35,11,2021
11,Ice Cream,7,35,11,2021
12,Oil,78,35,11,2021
13,Chips,26,35,11,2021
14,Umbrella,45,35,11,2021
1,Maggi,49,36,11,2021
2,Bru,70,36,11,2021
3,Red Bull,2,36,11,2021
4,Bourn Vita,92,36,11,2021
5,Horlicks,63,36,11,2021
6,Harpic,43,36,11,2021
7,Ariel,52,36,11,2021
8,Scotch Brite,23,36,11,2021
9,Coca Cola,59,36,11,2021
10,Chocolate,2,36,11,2021
11,Ice Cream,19,36,11,2021
12,Oil,45,36,11,2021
13,Chips,14,36,11,2021
14,Umbrella,24,36,11,2021
1,Maggi,93,37,12,2021
2,Bru,77,37,12,2021
3,Red Bull,70,37,12,2021
4,Bourn Vita,16,37,12,2021
5,Horlicks,83,37,12,2021
6,Harpic,99,37,12,2021
7,Ariel,8,37,12,2021
8,Scotch Brite,37,37,12,2021
9,Coca Cola,47,37,12,2021
10,Chocolate,59,37,12,2021
11,Ice Cream,62,37,12,2021
12,Oil,85,37,12,2021
13,Chips,1,37,12,2021
14,Umbrella,87,37,12,2021
1,Maggi,71,38,12,2021
2,Bru,10,38,12,2021
3,Red Bull,63,38,12,2021
4,Bourn Vita,76,38,12,2021
5,Horlicks,80,38,12,2021
6,Harpic,71,38,12,2021
7,Ariel,20,38,12,2021
8,Scotch Brite,17,38,12,2021
9,Coca Cola,93,38,12,2021
10,Chocolate,63,38,12,2021
11,Ice Cream,81,38,12,2021
12,Oil,94,38,12,2021
13,Chips,37,38,12,2021
14,Umbrella,31,38,12,2021
1,Maggi,10,39,12,2021
2,Bru,44,39,12,2021
3,Red Bull,88,39,12,2021
4,Bourn Vita,32,39,12,2021
5,Horlicks,40,39,12,2021
6,Harpic,7,39,12,2021
7,Ariel,10,39,12,2021
8,Scotch Brite,85,39,12,2021
9,Coca Cola,50,39,12,2021
10,Chocolate,87,39,12,2021
11,Ice Cream,40,39,12,2021
12,Oil,16,39,12,2021
13,Chips,75,39,12,2021
14,Umbrella,45,39,12,2021
1,Maggi,31,40,12,2021
2,Bru,78,40,12,2021
3,Red Bull,79,40,12,2021
4,Bourn Vita,53,40,12,2021
5,Horlicks,85,40,12,2021
6,Harpic,91,40,12,2021
7,Ariel,19,40,12,2021
8,Scotch Brite,32,40,12,2021
9,Coca Cola,73,40,12,2021
10,Chocolate,39,40,12,2021
11,Ice Cream,31,40,12,2021
12,Oil,96,40,12,2021
13,Chips,1,40,12,2021
14,Umbrella,96,40,12,2021
1,Maggi,32,41,1,2022
2,Bru,76,41,1,2022
3,Red Bull,29,41,1,2022
4,Bourn Vita,32,41,1,2022
5,Horlicks,76,41,1,2022
6,Harpic,25,41,1,2022
7,Ariel,21,41,1,2022
8,Scotch Brite,65,41,1,2022
9,Coca Cola,37,41,1,2022
10,Chocolate,89,41,1,2022
11,Ice Cream,45,41,1,2022
12,Oil,14,41,1,2022
13,Chips,97,41,1,2022
14,Umbrella,43,41,1,2022
1,Maggi,48,42,1,2022
2,Bru,74,42,1,2022
3,Red Bull,60,42,1,2022
4,Bourn Vita,66,42,1,2022
5,Horlicks,5,42,1,2022
6,Harpic,8,42,1,2022
7,Ariel,5,42,1,2022
8,Scotch Brite,72,42,1,2022
9,Coca Cola,94,42,1,2022
10,Chocolate,31,42,1,2022
11,Ice Cream,40,42,1,2022
12,Oil,75,42,1,2022
13,Chips,7,42,1,2022
14,Umbrella,71,42,1,2022
1,Maggi,49,43,1,2022
2,Bru,91,43,1,2022
3,Red Bull,61,43,1,2022
4,Bourn Vita,83,43,1,2022
5,Horlicks,61,43,1,2022
6,Harpic,6,43,1,2022
7,Ariel,74,43,1,2022
8,Scotch Brite,83,43,1,2022
9,Coca Cola,79,43,1,2022
10,Chocolate,3,43,1,2022
11,Ice Cream,5,43,1,2022
12,Oil,57,43,1,2022
13,Chips,21,43,1,2022
14,Umbrella,25,43,1,2022
1,Maggi,2,44,1,2022
2,Bru,40,44,1,2022
3,Red Bull,59,44,1,2022
4,Bourn Vita,13,44,1,2022
5,Horlicks,74,44,1,2022
6,Harpic,81,44,1,2022
7,Ariel,11,44,1,2022
8,Scotch Brite,86,44,1,2022
9,Coca Cola,11,44,1,2022
10,Chocolate,12,44,1,2022
11,Ice Cream,24,44,1,2022
12,Oil,44,44,1,2022
13,Chips,18,44,1,2022
14,Umbrella,54,44,1,2022
1,Maggi,99,45,2,2022
2,Bru,44,45,2,2022
3,Red Bull,7,45,2,2022
4,Bourn Vita,92,45,2,2022
5,Horlicks,52,45,2,2022
6,Harpic,54,45,2,2022
7,Ariel,31,45,2,2022
8,Scotch Brite,50,45,2,2022
9,Coca Cola,43,45,2,2022
10,Chocolate,81,45,2,2022
11,Ice Cream,69,45,2,2022
12,Oil,17,45,2,2022
13,Chips,82,45,2,2022
14,Umbrella,21,45,2,2022
1,Maggi,36,46,2,2022
2,Bru,95,46,2,2022
3,Red Bull,55,46,2,2022
4,Bourn Vita,58,46,2,2022
5,Horlicks,2,46,2,2022
6,Harpic,27,46,2,2022
7,Ariel,73,46,2,2022
8,Scotch Brite,34,46,2,2022
9,Coca Cola,60,46,2,2022
10,Chocolate,92,46,2,2022
11,Ice Cream,53,46,2,2022
12,Oil,62,46,2,2022
13,Chips,78,46,2,2022
14,Umbrella,96,46,2,2022
1,Maggi,6,47,2,2022
2,Bru,75,47,2,2022
3,Red Bull,48,47,2,2022
4,Bourn Vita,93,47,2,2022
5,Horlicks,84,47,2,2022
6,Harpic,30,47,2,2022
7,Ariel,57,47,2,2022
8,Scotch Brite,60,47,2,2022
9,Coca Cola,23,47,2,2022
10,Chocolate,19,47,2,2022
11,Ice Cream,36,47,2,2022
12,Oil,3,47,2,2022
13,Chips,91,47,2,2022
14,Umbrella,19,47,2,2022
1,Maggi,59,48,2,2022
2,Bru,23,48,2,2022
3,Red Bull,49,48,2,2022
4,Bourn Vita,48,48,2,2022
5,Horlicks,50,48,2,2022
6,Harpic,95,48,2,2022
7,Ariel,35,48,2,2022
8,Scotch Brite,97,48,2,2022
9,Coca Cola,99,48,2,2022
10,Chocolate,65,48,2,2022
11,Ice Cream,78,48,2,2022
12,Oil,33,48,2,2022
13,Chips,35,48,2,2022
14,Umbrella,5,48,2,2022
1,Maggi,38,49,3,2022
2,Bru,41,49,3,2022
3,Red Bull,57,49,3,2022
4,Bourn Vita,11,49,3,2022
5,Horlicks,2,49,3,2022
6,Harpic,17,49,3,2022
7,Ariel,39,49,3,2022
8,Scotch Brite,20,49,3,2022
9,Coca Cola,14,49,3,2022
10,Chocolate,96,49,3,2022
11,Ice Cream,98,49,3,2022
12,Oil,25,49,3,2022
13,Chips,7,49,3,2022
14,Umbrella,99,49,3,2022
1,Maggi,93,50,3,2022
2,Bru,86,50,3,2022
3,Red Bull,41,50,3,2022
4,Bourn Vita,43,50,3,2022
5,Horlicks,13,50,3,2022
6,Harpic,77,50,3,2022
7,Ariel,1,50,3,2022
8,Scotch Brite,36,50,3,2022
9,Coca Cola,68,50,3,2022
10,Chocolate,37,50,3,2022
11,Ice Cream,40,50,3,2022
12,Oil,61,50,3,2022
13,Chips,59,50,3,2022
14,Umbrella,13,50,3,2022
1,Maggi,88,51,3,2022
2,Bru,83,51,3,2022
3,Red Bull,1,51,3,2022
4,Bourn Vita,69,51,3,2022
5,Horlicks,16,51,3,2022
6,Harpic,88,51,3,2022
7,Ariel,27,51,3,2022
8,Scotch Brite,65,51,3,2022
9,Coca Cola,34,51,3,2022
10,Chocolate,4,51,3,2022
11,Ice Cream,64,51,3,2022
12,Oil,39,51,3,2022
13,Chips,75,51,3,2022
14,Umbrella,55,51,3,2022
1,Maggi,35,52,3,2022
2,Bru,44,52,3,2022
3,Red Bull,22,52,3,2022
4,Bourn Vita,46,52,3,2022
5,Horlicks,30,52,3,2022
6,Harpic,10,52,3,2022
7,Ariel,9,52,3,2022
8,Scotch Brite,66,52,3,2022
9,Coca Cola,13,52,3,2022
10,Chocolate,79,52,3,2022
11,Ice Cream,73,52,3,2022
12,Oil,92,52,3,2022
13,Chips,9,52,3,2022
14,Umbrella,75,52,3,2022
1,Maggi,93,1,4,2022
2,Bru,0,1,4,2022
3,Red Bull,4,1,4,2022
4,Bourn Vita,19,1,4,2022
5,Horlicks,7,1,4,2022
6,Harpic,42,1,4,2022
7,Ariel,75,1,4,2022
8,Scotch Brite,0,1,4,2022
9,Coca Cola,56,1,4,2022
10,Chocolate,63,1,4,2022
11,Ice Cream,83,1,4,2022
12,Oil,27,1,4,2022
13,Chips,36,1,4,2022
14,Umbrella,46,1,4,2022
1,Maggi,75,2,4,2022
2,Bru,36,2,4,2022
3,Red Bull,48,2,4,2022
4,Bourn Vita,43,2,4,2022
5,Horlicks,55,2,4,2022
6,Harpic,27,2,4,2022
7,Ariel,78,2,4,2022
8,Scotch Brite,5,2,4,2022
9,Coca Cola,60,2,4,2022
10,Chocolate,19,2,4,2022
11,Ice Cream,77,2,4,2022
12,Oil,1,2,4,2022
13,Chips,72,2,4,2022
14,Umbrella,36,2,4,2022
1,Maggi,19,3,4,2022
2,Bru,25,3,4,2022
3,Red Bull,28,3,4,2022
4,Bourn Vita,0,3,4,2022
5,Horlicks,34,3,4,2022
6,Harpic,69,3,4,2022
7,Ariel,58,3,4,2022
8,Scotch Brite,68,3,4,2022
9,Coca Cola,32,3,4,2022
10,Chocolate,50,3,4,2022
11,Ice Cream,77,3,4,2022
12,Oil,11,3,4,2022
13,Chips,19,3,4,2022
14,Umbrella,52,3,4,2022
1,Maggi,87,4,4,2022
2,Bru,42,4,4,2022
3,Red Bull,97,4,4,2022
4,Bourn Vita,88,4,4,2022
5,Horlicks,49,4,4,2022
6,Harpic,28,4,4,2022
7,Ariel,56,4,4,2022
8,Scotch Brite,38,4,4,2022
9,Coca Cola,94,4,4,2022
10,Chocolate,55,4,4,2022
11,Ice Cream,42,4,4,2022
12,Oil,49,4,4,2022
13,Chips,22,4,4,2022
14,Umbrella,43,4,4,2022
1,Maggi,37,5,5,2022
2,Bru,83,5,5,2022
3,Red Bull,22,5,5,2022
4,Bourn Vita,44,5,5,2022
5,Horlicks,51,5,5,2022
6,Harpic,79,5,5,2022
7,Ariel,49,5,5,2022
8,Scotch Brite,7,5,5,2022
9,Coca Cola,84,5,5,2022
10,Chocolate,0,5,5,2022
11,Ice Cream,7,5,5,2022
12,Oil,28,5,5,2022
13,Chips,95,5,5,2022
14,Umbrella,4,5,5,2022
1,Maggi,85,6,5,2022
2,Bru,46,6,5,2022
3,Red Bull,33,6,5,2022
4,Bourn Vita,64,6,5,2022
5,Horlicks,54,6,5,2022
6,Harpic,89,6,5,2022
7,Ariel,42,6,5,2022
8,Scotch Brite,73,6,5,2022
9,Coca Cola,29,6,5,2022
10,Chocolate,81,6,5,2022
11,Ice Cream,16,6,5,2022
12,Oil,25,6,5,2022
13,Chips,7,6,5,2022
14,Umbrella,46,6,5,2022
1,Maggi,75,7,5,2022
2,Bru,90,7,5,2022
3,Red Bull,71,7,5,2022
4,Bourn Vita,88,7,5,2022
5,Horlicks,45,7,5,2022
6,Harpic,67,7,5,2022
7,Ariel,32,7,5,2022
8,Scotch Brite,0,7,5,2022
9,Coca Cola,18,7,5,2022
10,Chocolate,30,7,5,2022
11,Ice Cream,79,7,5,2022
12,Oil,13,7,5,2022
13,Chips,52,7,5,2022
14,Umbrella,47,7,5,2022
1,Maggi,68,8,5,2022
2,Bru,89,8,5,2022
3,Red Bull,61,8,5,2022
4,Bourn Vita,91,8,5,2022
5,Horlicks,65,8,5,2022
6,Harpic,63,8,5,2022
7,Ariel,69,8,5,2022
8,Scotch Brite,62,8,5,2022
9,Coca Cola,72,8,5,2022
10,Chocolate,32,8,5,2022
11,Ice Cream,40,8,5,2022
12,Oil,88,8,5,2022
13,Chips,47,8,5,2022
14,Umbrella,12,8,6,2022
1,Maggi,72,9,6,2022
2,Bru,76,9,6,2022
3,Red Bull,30,9,6,2022
4,Bourn Vita,74,9,6,2022
5,Horlicks,67,9,6,2022
6,Harpic,97,9,6,2022
7,Ariel,3,9,6,2022
8,Scotch Brite,18,9,6,2022
9,Coca Cola,69,9,6,2022
10,Chocolate,97,9,6,2022
11,Ice Cream,81,9,6,2022
12,Oil,12,9,6,2022
13,Chips,22,9,6,2022
14,Umbrella,82,9,6,2022
1,Maggi,74,10,6,2022
2,Bru,0,10,6,2022
3,Red Bull,87,10,6,2022
4,Bourn Vita,53,10,6,2022
5,Horlicks,70,10,6,2022
6,Harpic,88,10,6,2022
7,Ariel,84,10,6,2022
8,Scotch Brite,14,10,6,2022
9,Coca Cola,64,10,6,2022
10,Chocolate,75,10,6,2022
11,Ice Cream,70,10,6,2022
12,Oil,14,10,6,2022
13,Chips,20,10,6,2022
14,Umbrella,18,10,6,2022
1,Maggi,59,11,6,2022
2,Bru,92,11,6,2022
3,Red Bull,88,11,6,2022
4,Bourn Vita,32,11,6,2022
5,Horlicks,48,11,6,2022
6,Harpic,95,11,6,2022
7,Ariel,34,11,6,2022
8,Scotch Brite,43,11,6,2022
9,Coca Cola,89,11,6,2022
10,Chocolate,10,11,6,2022
11,Ice Cream,98,11,6,2022
12,Oil,71,11,6,2022
13,Chips,77,11,6,2022
14,Umbrella,73,11,6,2022
1,Maggi,65,12,6,2022
2,Bru,45,12,6,2022
3,Red Bull,8,12,6,2022
4,Bourn Vita,2,12,6,2022
5,Horlicks,84,12,6,2022
6,Harpic,25,12,6,2022
7,Ariel,71,12,6,2022
8,Scotch Brite,47,12,6,2022
9,Coca Cola,65,12,6,2022
10,Chocolate,69,12,6,2022
11,Ice Cream,27,12,6,2022
12,Oil,92,12,6,2022
13,Chips,25,12,6,2022
14,Umbrella,24,12,6,2022
1,Maggi,11,13,7,2022
2,Bru,4,13,7,2022
3,Red Bull,97,13,7,2022
4,Bourn Vita,47,13,7,2022
5,Horlicks,36,13,7,2022
6,Harpic,78,13,7,2022
7,Ariel,43,13,7,2022
8,Scotch Brite,99,13,7,2022
9,Coca Cola,14,13,7,2022
10,Chocolate,42,13,7,2022
11,Ice Cream,47,13,7,2022
12,Oil,86,13,7,2022
13,Chips,69,13,7,2022
14,Umbrella,45,13,7,2022
1,Maggi,42,14,7,2022
2,Bru,20,14,7,2022
3,Red Bull,22,14,7,2022
4,Bourn Vita,79,14,7,2022
5,Horlicks,46,14,7,2022
6,Harpic,14,14,7,2022
7,Ariel,24,14,7,2022
8,Scotch Brite,35,14,7,2022
9,Coca Cola,74,14,7,2022
10,Chocolate,50,14,7,2022
11,Ice Cream,14,14,7,2022
12,Oil,67,14,7,2022
13,Chips,20,14,7,2022
14,Umbrella,12,14,7,2022
1,Maggi,85,15,7,2022
2,Bru,18,15,7,2022
3,Red Bull,33,15,7,2022
4,Bourn Vita,77,15,7,2022
5,Horlicks,67,15,7,2022
6,Harpic,51,15,7,2022
7,Ariel,26,15,7,2022
8,Scotch Brite,28,15,7,2022
9,Coca Cola,27,15,7,2022
10,Chocolate,34,15,7,2022
11,Ice Cream,7,15,7,2022
12,Oil,15,15,7,2022
13,Chips,35,15,7,2022
14,Umbrella,29,15,7,2022
1,Maggi,17,16,7,2022
2,Bru,1,16,7,2022
3,Red Bull,48,16,7,2022
4,Bourn Vita,76,16,7,2022
5,Horlicks,3,16,7,2022
6,Harpic,89,16,7,2022
7,Ariel,88,16,7,2022
8,Scotch Brite,93,16,7,2022
9,Coca Cola,74,16,7,2022
10,Chocolate,6,16,7,2022
11,Ice Cream,94,16,7,2022
12,Oil,73,16,7,2022
13,Chips,38,16,7,2022
14,Umbrella,12,16,7,2022
1,Maggi,30,17,8,2022
2,Bru,70,17,8,2022
3,Red Bull,62,17,8,2022
4,Bourn Vita,55,17,8,2022
5,Horlicks,41,17,8,2022
6,Harpic,60,17,8,2022
7,Ariel,41,17,8,2022
8,Scotch Brite,55,17,8,2022
9,Coca Cola,35,17,8,2022
10,Chocolate,83,17,8,2022
11,Ice Cream,67,17,8,2022
12,Oil,6,17,8,2022
13,Chips,53,17,8,2022
14,Umbrella,0,17,8,2022
1,Maggi,43,18,8,2022
2,Bru,44,18,8,2022
3,Red Bull,46,18,8,2022
4,Bourn Vita,12,18,8,2022
5,Horlicks,21,18,8,2022
6,Harpic,20,18,8,2022
7,Ariel,85,18,8,2022
8,Scotch Brite,91,18,8,2022
9,Coca Cola,8,18,8,2022
10,Chocolate,25,18,8,2022
11,Ice Cream,8,18,8,2022
12,Oil,14,18,8,2022
13,Chips,9,18,8,2022
14,Umbrella,87,18,8,2022
1,Maggi,41,19,8,2022
2,Bru,71,19,8,2022
3,Red Bull,23,19,8,2022
4,Bourn Vita,79,19,8,2022
5,Horlicks,48,19,8,2022
6,Harpic,25,19,8,2022
7,Ariel,90,19,8,2022
8,Scotch Brite,36,19,8,2022
9,Coca Cola,67,19,8,2022
10,Chocolate,49,19,8,2022
11,Ice Cream,23,19,8,2022
12,Oil,18,19,8,2022
13,Chips,99,19,8,2022
14,Umbrella,59,19,8,2022
1,Maggi,38,20,8,2022
2,Bru,73,20,8,2022
3,Red Bull,88,20,8,2022
4,Bourn Vita,17,20,8,2022
5,Horlicks,18,20,8,2022
6,Harpic,35,20,8,2022
7,Ariel,73,20,8,2022
8,Scotch Brite,96,20,8,2022
9,Coca Cola,54,20,8,2022
10,Chocolate,68,20,8,2022
11,Ice Cream,46,20,8,2022
12,Oil,48,20,8,2022
13,Chips,98,20,8,2022
14,Umbrella,97,20,8,2022
1,Maggi,32,21,9,2022
2,Bru,20,21,9,2022
3,Red Bull,80,21,9,2022
4,Bourn Vita,21,21,9,2022
5,Horlicks,47,21,9,2022
6,Harpic,36,21,9,2022
7,Ariel,14,21,9,2022
8,Scotch Brite,34,21,9,2022
9,Coca Cola,91,21,9,2022
10,Chocolate,70,21,9,2022
11,Ice Cream,31,21,9,2022
12,Oil,10,21,9,2022
13,Chips,9,21,9,2022
14,Umbrella,72,21,9,2022
1,Maggi,77,22,9,2022
2,Bru,76,22,9,2022
3,Red Bull,56,22,9,2022
4,Bourn Vita,24,22,9,2022
5,Horlicks,1,22,9,2022
6,Harpic,63,22,9,2022
7,Ariel,34,22,9,2022
8,Scotch Brite,6,22,9,2022
9,Coca Cola,84,22,9,2022
10,Chocolate,17,22,9,2022
11,Ice Cream,66,22,9,2022
12,Oil,41,22,9,2022
13,Chips,38,22,9,2022
14,Umbrella,40,22,9,2022
1,Maggi,74,23,9,2022
2,Bru,23,23,9,2022
3,Red Bull,59,23,9,2022
4,Bourn Vita,45,23,9,2022
5,Horlicks,18,23,9,2022
6,Harpic,67,23,9,2022
7,Ariel,89,23,9,2022
8,Scotch Brite,41,23,9,2022
9,Coca Cola,31,23,9,2022
10,Chocolate,38,23,9,2022
11,Ice Cream,35,23,9,2022
12,Oil,96,23,9,2022
13,Chips,35,23,9,2022
14,Umbrella,2,23,9,2022
1,Maggi,72,24,9,2022
2,Bru,7,24,9,2022
3,Red Bull,96,24,9,2022
4,Bourn Vita,69,24,9,2022
5,Horlicks,40,24,9,2022
6,Harpic,67,24,9,2022
7,Ariel,12,24,9,2022
8,Scotch Brite,48,24,9,2022
9,Coca Cola,59,24,9,2022
10,Chocolate,1,24,9,2022
11,Ice Cream,59,24,9,2022
12,Oil,4,24,9,2022
13,Chips,43,24,9,2022
14,Umbrella,26,24,9,2022
1,Maggi,31,25,10,2022
2,Bru,20,25,10,2022
3,Red Bull,7,25,10,2022
4,Bourn Vita,71,25,10,2022
5,Horlicks,49,25,10,2022
6,Harpic,66,25,10,2022
7,Ariel,43,25,10,2022
8,Scotch Brite,57,25,10,2022
9,Coca Cola,2,25,10,2022
10,Chocolate,85,25,10,2022
11,Ice Cream,69,25,10,2022
12,Oil,1,25,10,2022
13,Chips,86,25,10,2022
14,Umbrella,43,25,10,2022
1,Maggi,1,26,10,2022
2,Bru,80,26,10,2022
3,Red Bull,34,26,10,2022
4,Bourn Vita,97,26,10,2022
5,Horlicks,86,26,10,2022
6,Harpic,29,26,10,2022
7,Ariel,7,26,10,2022
8,Scotch Brite,21,26,10,2022
9,Coca Cola,43,26,10,2022
10,Chocolate,57,26,10,2022
11,Ice Cream,35,26,10,2022
12,Oil,68,26,10,2022
13,Chips,76,26,10,2022
14,Umbrella,92,26,10,2022
1,Maggi,30,27,10,2022
2,Bru,46,27,10,2022
3,Red Bull,54,27,10,2022
4,Bourn Vita,79,27,10,2022
5,Horlicks,61,27,10,2022
6,Harpic,29,27,10,2022
7,Ariel,54,27,10,2022
8,Scotch Brite,15,27,10,2022
9,Coca Cola,11,27,10,2022
10,Chocolate,16,27,10,2022
11,Ice Cream,15,27,10,2022
12,Oil,11,27,10,2022
13,Chips,7,27,10,2022
14,Umbrella,83,27,10,2022
1,Maggi,2,28,10,2022
2,Bru,15,28,10,2022
3,Red Bull,29,28,10,2022
4,Bourn Vita,22,28,10,2022
5,Horlicks,91,28,10,2022
6,Harpic,4,28,10,2022
7,Ariel,83,28,10,2022
8,Scotch Brite,64,28,10,2022
9,Coca Cola,29,28,10,2022
10,Chocolate,20,28,10,2022
11,Ice Cream,83,28,10,2022
12,Oil,69,28,10,2022
13,Chips,21,28,10,2022
14,Umbrella,81,28,10,2022
1,Maggi,71,29,11,2022
2,Bru,31,29,11,2022
3,Red Bull,32,29,11,2022
4,Bourn Vita,15,29,11,2022
5,Horlicks,75,29,11,2022
6,Harpic,37,29,11,2022
7,Ariel,97,29,11,2022
8,Scotch Brite,13,29,11,2022
9,Coca Cola,35,29,11,2022
10,Chocolate,96,29,11,2022
11,Ice Cream,22,29,11,2022
12,Oil,65,29,11,2022
13,Chips,84,29,11,2022
14,Umbrella,1,29,11,2022
1,Maggi,90,30,11,2022
2,Bru,72,30,11,2022
3,Red Bull,64,30,11,2022
4,Bourn Vita,74,30,11,2022
5,Horlicks,66,30,11,2022
6,Harpic,51,30,11,2022
7,Ariel,61,30,11,2022
8,Scotch Brite,22,30,11,2022
9,Coca Cola,25,30,11,2022
10,Chocolate,67,30,11,2022
11,Ice Cream,81,30,11,2022
12,Oil,54,30,11,2022
13,Chips,5,30,11,2022
14,Umbrella,34,30,11,2022
1,Maggi,21,31,11,2022
2,Bru,42,31,11,2022
3,Red Bull,14,31,11,2022
4,Bourn Vita,85,31,11,2022
5,Horlicks,59,31,11,2022
6,Harpic,11,31,11,2022
7,Ariel,48,31,11,2022
8,Scotch Brite,41,31,11,2022
9,Coca Cola,37,31,11,2022
10,Chocolate,81,31,11,2022
11,Ice Cream,44,31,11,2022
12,Oil,34,31,11,2022
13,Chips,29,31,11,2022
14,Umbrella,87,31,11,2022
1,Maggi,29,32,11,2022
2,Bru,77,32,11,2022
3,Red Bull,5,32,11,2022
4,Bourn Vita,66,32,11,2022
5,Horlicks,79,32,11,2022
6,Harpic,6,32,11,2022
7,Ariel,51,32,11,2022
8,Scotch Brite,13,32,11,2022
9,Coca Cola,72,32,11,2022
10,Chocolate,14,32,11,2022
11,Ice Cream,20,32,11,2022
12,Oil,34,32,11,2022
13,Chips,65,32,11,2022
14,Umbrella,90,32,11,2022
1,Maggi,1,33,12,2022
2,Bru,34,33,12,2022
3,Red Bull,81,33,12,2022
4,Bourn Vita,77,33,12,2022
5,Horlicks,19,33,12,2022
6,Harpic,81,33,12,2022
7,Ariel,9,33,12,2022
8,Scotch Brite,24,33,12,2022
9,Coca Cola,65,33,12,2022
10,Chocolate,24,33,12,2022
11,Ice Cream,53,33,12,2022
12,Oil,32,33,12,2022
13,Chips,35,33,12,2022
14,Umbrella,94,33,12,2022
1,Maggi,13,34,12,2022
2,Bru,64,34,12,2022
3,Red Bull,79,34,12,2022
4,Bourn Vita,53,34,12,2022
5,Horlicks,51,34,12,2022
6,Harpic,2,34,12,2022
7,Ariel,98,34,12,2022
8,Scotch Brite,40,34,12,2022
9,Coca Cola,5,34,12,2022
10,Chocolate,24,34,12,2022
11,Ice Cream,12,34,12,2022
12,Oil,97,34,12,2022
13,Chips,7,34,12,2022
14,Umbrella,20,34,12,2022
1,Maggi,97,35,12,2022
2,Bru,67,35,12,2022
3,Red Bull,24,35,12,2022
4,Bourn Vita,78,35,12,2022
5,Horlicks,67,35,12,2022
6,Harpic,44,35,12,2022
7,Ariel,59,35,12,2022
8,Scotch Brite,11,35,12,2022
9,Coca Cola,31,35,12,2022
10,Chocolate,95,35,12,2022
11,Ice Cream,91,35,12,2022
12,Oil,12,35,12,2022
13,Chips,30,35,12,2022
14,Umbrella,77,35,12,2022
1,Maggi,19,36,12,2022
2,Bru,17,36,12,2022
3,Red Bull,92,36,12,2022
4,Bourn Vita,59,36,12,2022
5,Horlicks,62,36,12,2022
6,Harpic,5,36,12,2022
7,Ariel,31,36,12,2022
8,Scotch Brite,92,36,12,2022
9,Coca Cola,42,36,12,2022
10,Chocolate,1,36,12,2022
11,Ice Cream,59,36,12,2022
12,Oil,22,36,12,2022
13,Chips,82,36,12,2022
14,Umbrella,30,36,12,2022
1,Maggi,4,37,1,2021
2,Bru,82,37,1,2021
3,Red Bull,33,37,1,2021
4,Bourn Vita,9,37,1,2021
5,Horlicks,88,37,1,2021
6,Harpic,1,37,1,2021
7,Ariel,10,37,1,2021
8,Scotch Brite,49,37,1,2021
9,Coca Cola,30,37,1,2021
10,Chocolate,55,37,1,2021
11,Ice Cream,78,37,1,2021
12,Oil,72,37,1,2021
13,Chips,86,37,1,2021
14,Umbrella,82,37,1,2021
1,Maggi,8,38,1,2021
2,Bru,98,38,1,2021
3,Red Bull,20,38,1,2021
4,Bourn Vita,72,38,1,2021
5,Horlicks,27,38,1,2021
6,Harpic,61,38,1,2021
7,Ariel,6,38,1,2021
8,Scotch Brite,79,38,1,2021
9,Coca Cola,15,38,1,2021
10,Chocolate,96,38,1,2021
11,Ice Cream,3,38,1,2021
12,Oil,3,38,1,2021
13,Chips,39,38,1,2021
14,Umbrella,16,38,1,2021
1,Maggi,51,39,1,2021
2,Bru,92,39,1,2021
3,Red Bull,51,39,1,2021
4,Bourn Vita,35,39,1,2021
5,Horlicks,37,39,1,2021
6,Harpic,49,39,1,2021
7,Ariel,62,39,1,2021
8,Scotch Brite,62,39,1,2021
9,Coca Cola,61,39,1,2021
10,Chocolate,98,39,1,2021
11,Ice Cream,6,39,1,2021
12,Oil,26,39,1,2021
13,Chips,91,39,1,2021
14,Umbrella,85,39,1,2021
1,Maggi,13,40,1,2021
2,Bru,70,40,1,2021
3,Red Bull,85,40,1,2021
4,Bourn Vita,4,40,1,2021
5,Horlicks,54,40,1,2021
6,Harpic,1,40,1,2021
7,Ariel,61,40,1,2021
8,Scotch Brite,90,40,1,2021
9,Coca Cola,20,40,1,2021
10,Chocolate,78,40,1,2021
11,Ice Cream,20,40,1,2021
12,Oil,9,40,1,2021
13,Chips,86,40,1,2021
14,Umbrella,57,40,1,2021
1,Maggi,38,41,2,2021
2,Bru,4,41,2,2021
3,Red Bull,64,41,2,2021
4,Bourn Vita,12,41,2,2021
5,Horlicks,84,41,2,2021
6,Harpic,89,41,2,2021
7,Ariel,84,41,2,2021
8,Scotch Brite,52,41,2,2021
9,Coca Cola,81,41,2,2021
10,Chocolate,44,41,2,2021
11,Ice Cream,31,41,2,2021
12,Oil,35,41,2,2021
13,Chips,80,41,2,2021
14,Umbrella,98,41,2,2021
1,Maggi,59,42,2,2021
2,Bru,10,42,2,2021
3,Red Bull,62,42,2,2021
4,Bourn Vita,20,42,2,2021
5,Horlicks,51,42,2,2021
6,Harpic,54,42,2,2021
7,Ariel,25,42,2,2021
8,Scotch Brite,67,42,2,2021
9,Coca Cola,33,42,2,2021
10,Chocolate,51,42,2,2021
11,Ice Cream,81,42,2,2021
12,Oil,98,42,2,2021
13,Chips,92,42,2,2021
14,Umbrella,51,42,2,2021
1,Maggi,28,43,2,2021
2,Bru,37,43,2,2021
3,Red Bull,41,43,2,2021
4,Bourn Vita,20,43,2,2021
5,Horlicks,41,43,2,2021
6,Harpic,12,43,2,2021
7,Ariel,63,43,2,2021
8,Scotch Brite,16,43,2,2021
9,Coca Cola,8,43,2,2021
10,Chocolate,40,43,2,2021
11,Ice Cream,0,43,2,2021
12,Oil,1,43,2,2021
13,Chips,59,43,2,2021
14,Umbrella,47,43,2,2021
1,Maggi,28,44,2,2021
2,Bru,96,44,2,2021
3,Red Bull,9,44,2,2021
4,Bourn Vita,57,44,2,2021
5,Horlicks,59,44,2,2021
6,Harpic,20,44,2,2021
7,Ariel,27,44,2,2021
8,Scotch Brite,74,44,2,2021
9,Coca Cola,33,44,2,2021
10,Chocolate,7,44,2,2021
11,Ice Cream,58,44,2,2021
12,Oil,85,44,2,2021
13,Chips,71,44,2,2021
14,Umbrella,48,44,2,2021
1,Maggi,78,45,3,2021
2,Bru,16,45,3,2021
3,Red Bull,59,45,3,2021
4,Bourn Vita,86,45,3,2021
5,Horlicks,87,45,3,2021
6,Harpic,44,45,3,2021
7,Ariel,82,45,3,2021
8,Scotch Brite,68,45,3,2021
9,Coca Cola,31,45,3,2021
10,Chocolate,43,45,3,2021
11,Ice Cream,64,45,3,2021
12,Oil,86,45,3,2021
13,Chips,7,45,3,2021
14,Umbrella,76,45,3,2021
1,Maggi,71,46,3,2021
2,Bru,86,46,3,2021
3,Red Bull,42,46,3,2021
4,Bourn Vita,0,46,3,2021
5,Horlicks,50,46,3,2021
6,Harpic,23,46,3,2021
7,Ariel,98,46,3,2021
8,Scotch Brite,23,46,3,2021
9,Coca Cola,16,46,3,2021
10,Chocolate,4,46,3,2021
11,Ice Cream,19,46,3,2021
12,Oil,20,46,3,2021
13,Chips,57,46,3,2021
14,Umbrella,30,46,3,2021
1,Maggi,99,47,3,2021
2,Bru,10,47,3,2021
3,Red Bull,51,47,3,2021
4,Bourn Vita,14,47,3,2021
5,Horlicks,82,47,3,2021
6,Harpic,6,47,3,2021
7,Ariel,27,47,3,2021
8,Scotch Brite,50,47,3,2021
9,Coca Cola,57,47,3,2021
10,Chocolate,4,47,3,2021
11,Ice Cream,4,47,3,2021
12,Oil,93,47,3,2021
13,Chips,95,47,3,2021
14,Umbrella,7,47,3,2021
1,Maggi,63,48,3,2021
2,Bru,9,48,3,2021
3,Red Bull,37,48,3,2021
4,Bourn Vita,95,48,3,2021
5,Horlicks,91,48,3,2021
6,Harpic,80,48,3,2021
7,Ariel,94,48,3,2021
8,Scotch Brite,7,48,3,2021
9,Coca Cola,24,48,3,2021
10,Chocolate,72,48,3,2021
11,Ice Cream,65,48,3,2021
12,Oil,78,48,3,2021
13,Chips,49,48,3,2021
14,Umbrella,66,48,3,2021
1,Maggi,48,49,4,2021
2,Bru,35,49,4,2021
3,Red Bull,67,49,4,2021
4,Bourn Vita,77,49,4,2021
5,Horlicks,40,49,4,2021
6,Harpic,88,49,4,2021
7,Ariel,61,49,4,2021
8,Scotch Brite,9,49,4,2021
9,Coca Cola,20,49,4,2021
10,Chocolate,35,49,4,2021
11,Ice Cream,11,49,4,2021
12,Oil,90,49,4,2021
13,Chips,1,49,4,2021
14,Umbrella,12,49,4,2021
1,Maggi,52,50,4,2021
2,Bru,31,50,4,2021
3,Red Bull,94,50,4,2021
4,Bourn Vita,15,50,4,2021
5,Horlicks,31,50,4,2021
6,Harpic,31,50,4,2021
7,Ariel,97,50,4,2021
8,Scotch Brite,10,50,4,2021
9,Coca Cola,9,50,4,2021
10,Chocolate,14,50,4,2021
11,Ice Cream,16,50,4,2021
12,Oil,39,50,4,2021
13,Chips,17,50,4,2021
14,Umbrella,54,50,4,2021
1,Maggi,72,51,4,2021
2,Bru,24,51,4,2021
3,Red Bull,58,51,4,2021
4,Bourn Vita,77,51,4,2021
5,Horlicks,88,51,4,2021
6,Harpic,21,51,4,2021
7,Ariel,29,51,4,2021
8,Scotch Brite,83,51,4,2021
9,Coca Cola,84,51,4,2021
10,Chocolate,43,51,4,2021
11,Ice Cream,31,51,4,2021
12,Oil,50,51,4,2021
13,Chips,45,51,4,2021
14,Umbrella,20,51,4,2021
1,Maggi,98,52,4,2021
2,Bru,31,52,4,2021
3,Red Bull,93,52,4,2021
4,Bourn Vita,38,52,4,2021
5,Horlicks,11,52,4,2021
6,Harpic,46,52,4,2021
7,Ariel,17,52,4,2021
8,Scotch Brite,20,52,4,2021
9,Coca Cola,12,52,4,2021
10,Chocolate,20,52,4,2021
11,Ice Cream,7,52,4,2021
12,Oil,45,52,4,2021
13,Chips,6,52,4,2021
14,Umbrella,22,52,4,2021
1,Maggi,95,1,5,2021
2,Bru,74,1,5,2021
3,Red Bull,85,1,5,2021
4,Bourn Vita,21,1,5,2021
5,Horlicks,88,1,5,2021
6,Harpic,21,1,5,2021
7,Ariel,91,1,5,2021
8,Scotch Brite,28,1,5,2021
9,Coca Cola,12,1,5,2021
10,Chocolate,81,1,5,2021
11,Ice Cream,1,1,5,2021
12,Oil,28,1,5,2021
13,Chips,84,1,5,2021
14,Umbrella,78,1,5,2021
1,Maggi,51,2,5,2021
2,Bru,26,2,5,2021
3,Red Bull,49,2,5,2021
4,Bourn Vita,94,2,5,2021
5,Horlicks,78,2,5,2021
6,Harpic,22,2,5,2021
7,Ariel,87,2,5,2021
8,Scotch Brite,43,2,5,2021
9,Coca Cola,76,2,5,2021
10,Chocolate,21,2,5,2021
11,Ice Cream,42,2,5,2021
12,Oil,36,2,5,2021
13,Chips,60,2,5,2021
14,Umbrella,96,2,5,2021
1,Maggi,55,3,5,2021
2,Bru,2,3,5,2021
3,Red Bull,62,3,5,2021
4,Bourn Vita,18,3,5,2021
5,Horlicks,22,3,5,2021
6,Harpic,28,3,5,2021
7,Ariel,29,3,5,2021
8,Scotch Brite,38,3,5,2021
9,Coca Cola,24,3,5,2021
10,Chocolate,7,3,5,2021
11,Ice Cream,57,3,5,2021
12,Oil,15,3,5,2021
13,Chips,71,3,5,2021
14,Umbrella,0,3,5,2021
1,Maggi,4,4,5,2021
2,Bru,2,4,5,2021
3,Red Bull,64,4,5,2021
4,Bourn Vita,3,4,5,2021
5,Horlicks,98,4,5,2021
6,Harpic,95,4,5,2021
7,Ariel,63,4,5,2021
8,Scotch Brite,97,4,5,2021
9,Coca Cola,88,4,5,2021
10,Chocolate,9,4,5,2021
11,Ice Cream,20,4,5,2021
12,Oil,45,4,5,2021
13,Chips,90,4,5,2021
14,Umbrella,26,4,6,2021
1,Maggi,65,5,6,2021
2,Bru,40,5,6,2021
3,Red Bull,12,5,6,2021
4,Bourn Vita,8,5,6,2021
5,Horlicks,35,5,6,2021
6,Harpic,85,5,6,2021
7,Ariel,89,5,6,2021
8,Scotch Brite,57,5,6,2021
9,Coca Cola,53,5,6,2021
10,Chocolate,11,5,6,2021
11,Ice Cream,80,5,6,2021
12,Oil,77,5,6,2021
13,Chips,13,5,6,2021
14,Umbrella,33,5,6,2021
1,Maggi,52,6,6,2021
2,Bru,19,6,6,2021
3,Red Bull,74,6,6,2021
4,Bourn Vita,15,6,6,2021
5,Horlicks,94,6,6,2021
6,Harpic,69,6,6,2021
7,Ariel,55,6,6,2021
8,Scotch Brite,82,6,6,2021
9,Coca Cola,57,6,6,2021
10,Chocolate,3,6,6,2021
11,Ice Cream,3,6,6,2021
12,Oil,19,6,6,2021
13,Chips,9,6,6,2021
14,Umbrella,23,6,6,2021
1,Maggi,98,7,6,2021
2,Bru,25,7,6,2021
3,Red Bull,36,7,6,2021
4,Bourn Vita,84,7,6,2021
5,Horlicks,53,7,6,2021
6,Harpic,20,7,6,2021
7,Ariel,73,7,6,2021
8,Scotch Brite,37,7,6,2021
9,Coca Cola,45,7,6,2021
10,Chocolate,3,7,6,2021
11,Ice Cream,59,7,6,2021
12,Oil,56,7,6,2021
13,Chips,44,7,6,2021
14,Umbrella,19,7,6,2021
1,Maggi,16,8,6,2021
2,Bru,70,8,6,2021
3,Red Bull,3,8,6,2021
4,Bourn Vita,92,8,6,2021
5,Horlicks,13,8,6,2021
6,Harpic,2,8,6,2021
7,Ariel,87,8,6,2021
8,Scotch Brite,79,8,6,2021
9,Coca Cola,57,8,6,2021
10,Chocolate,54,8,6,2021
11,Ice Cream,3,8,6,2021
12,Oil,23,8,6,2021
13,Chips,33,8,6,2021
14,Umbrella,29,8,6,2021
1,Maggi,81,9,7,2021
2,Bru,18,9,7,2021
3,Red Bull,30,9,7,2021
4,Bourn Vita,59,9,7,2021
5,Horlicks,59,9,7,2021
6,Harpic,18,9,7,2021
7,Ariel,48,9,7,2021
8,Scotch Brite,62,9,7,2021
9,Coca Cola,82,9,7,2021
10,Chocolate,21,9,7,2021
11,Ice Cream,23,9,7,2021
12,Oil,75,9,7,2021
13,Chips,29,9,7,2021
14,Umbrella,57,9,7,2021
1,Maggi,30,10,7,2021
2,Bru,99,10,7,2021
3,Red Bull,63,10,7,2021
4,Bourn Vita,18,10,7,2021
5,Horlicks,47,10,7,2021
6,Harpic,44,10,7,2021
7,Ariel,99,10,7,2021
8,Scotch Brite,93,10,7,2021
9,Coca Cola,54,10,7,2021
10,Chocolate,54,10,7,2021
11,Ice Cream,96,10,7,2021
12,Oil,17,10,7,2021
13,Chips,62,10,7,2021
14,Umbrella,91,10,7,2021
1,Maggi,46,11,7,2021
2,Bru,74,11,7,2021
3,Red Bull,56,11,7,2021
4,Bourn Vita,44,11,7,2021
5,Horlicks,32,11,7,2021
6,Harpic,16,11,7,2021
7,Ariel,69,11,7,2021
8,Scotch Brite,3,11,7,2021
9,Coca Cola,19,11,7,2021
10,Chocolate,46,11,7,2021
11,Ice Cream,90,11,7,2021
12,Oil,14,11,7,2021
13,Chips,69,11,7,2021
14,Umbrella,46,11,7,2021
1,Maggi,77,12,7,2021
2,Bru,74,12,7,2021
3,Red Bull,8,12,7,2021
4,Bourn Vita,89,12,7,2021
5,Horlicks,15,12,7,2021
6,Harpic,68,12,7,2021
7,Ariel,60,12,7,2021
8,Scotch Brite,9,12,7,2021
9,Coca Cola,49,12,7,2021
10,Chocolate,2,12,7,2021
11,Ice Cream,76,12,7,2021
12,Oil,93,12,7,2021
13,Chips,69,12,7,2021
14,Umbrella,80,12,7,2021
1,Maggi,50,13,8,2021
2,Bru,18,13,8,2021
3,Red Bull,41,13,8,2021
4,Bourn Vita,34,13,8,2021
5,Horlicks,45,13,8,2021
6,Harpic,25,13,8,2021
7,Ariel,68,13,8,2021
8,Scotch Brite,92,13,8,2021
9,Coca Cola,63,13,8,2021
10,Chocolate,36,13,8,2021
11,Ice Cream,83,13,8,2021
12,Oil,48,13,8,2021
13,Chips,20,13,8,2021
14,Umbrella,73,13,8,2021
1,Maggi,63,14,8,2021
2,Bru,4,14,8,2021
3,Red Bull,99,14,8,2021
4,Bourn Vita,69,14,8,2021
5,Horlicks,89,14,8,2021
6,Harpic,3,14,8,2021
7,Ariel,38,14,8,2021
8,Scotch Brite,34,14,8,2021
9,Coca Cola,0,14,8,2021
10,Chocolate,23,14,8,2021
11,Ice Cream,56,14,8,2021
12,Oil,99,14,8,2021
13,Chips,69,14,8,2021
14,Umbrella,40,14,8,2021
1,Maggi,53,15,8,2021
2,Bru,45,15,8,2021
3,Red Bull,59,15,8,2021
4,Bourn Vita,59,15,8,2021
5,Horlicks,56,15,8,2021
6,Harpic,30,15,8,2021
7,Ariel,83,15,8,2021
8,Scotch Brite,23,15,8,2021
9,Coca Cola,88,15,8,2021
10,Chocolate,35,15,8,2021
11,Ice Cream,84,15,8,2021
12,Oil,29,15,8,2021
13,Chips,23,15,8,2021
14,Umbrella,29,15,8,2021
1,Maggi,85,16,8,2021
2,Bru,91,16,8,2021
3,Red Bull,6,16,8,2021
4,Bourn Vita,34,16,8,2021
5,Horlicks,54,16,8,2021
6,Harpic,91,16,8,2021
7,Ariel,13,16,8,2021
8,Scotch Brite,9,16,8,2021
9,Coca Cola,79,16,8,2021
10,Chocolate,15,16,8,2021
11,Ice Cream,53,16,8,2021
12,Oil,94,16,8,2021
13,Chips,88,16,8,2021
14,Umbrella,76,16,8,2021
1,Maggi,69,17,9,2021
2,Bru,43,17,9,2021
3,Red Bull,72,17,9,2021
4,Bourn Vita,44,17,9,2021
5,Horlicks,99,17,9,2021
6,Harpic,55,17,9,2021
7,Ariel,83,17,9,2021
8,Scotch Brite,81,17,9,2021
9,Coca Cola,56,17,9,2021
10,Chocolate,20,17,9,2021
11,Ice Cream,67,17,9,2021
12,Oil,49,17,9,2021
13,Chips,32,17,9,2021
14,Umbrella,90,17,9,2021
1,Maggi,6,18,9,2021
2,Bru,69,18,9,2021
3,Red Bull,14,18,9,2021
4,Bourn Vita,81,18,9,2021
5,Horlicks,31,18,9,2021
6,Harpic,74,18,9,2021
7,Ariel,19,18,9,2021
8,Scotch Brite,87,18,9,2021
9,Coca Cola,14,18,9,2021
10,Chocolate,47,18,9,2021
11,Ice Cream,70,18,9,2021
12,Oil,20,18,9,2021
13,Chips,41,18,9,2021
14,Umbrella,25,18,9,2021
1,Maggi,13,19,9,2021
2,Bru,56,19,9,2021
3,Red Bull,36,19,9,2021
4,Bourn Vita,57,19,9,2021
5,Horlicks,20,19,9,2021
6,Harpic,81,19,9,2021
7,Ariel,68,19,9,2021
8,Scotch Brite,2,19,9,2021
9,Coca Cola,86,19,9,2021
10,Chocolate,89,19,9,2021
11,Ice Cream,36,19,9,2021
12,Oil,87,19,9,2021
13,Chips,48,19,9,2021
14,Umbrella,18,19,9,2021
1,Maggi,88,20,9,2021
2,Bru,84,20,9,2021
3,Red Bull,11,20,9,2021
4,Bourn Vita,60,20,9,2021
5,Horlicks,40,20,9,2021
6,Harpic,32,20,9,2021
7,Ariel,49,20,9,2021
8,Scotch Brite,67,20,9,2021
9,Coca Cola,70,20,9,2021
10,Chocolate,85,20,9,2021
11,Ice Cream,32,20,9,2021
12,Oil,80,20,9,2021
13,Chips,23,20,9,2021
14,Umbrella,60,20,9,2021
1,Maggi,60,21,10,2021
2,Bru,97,21,10,2021
3,Red Bull,27,21,10,2021
4,Bourn Vita,57,21,10,2021
5,Horlicks,42,21,10,2021
6,Harpic,40,21,10,2021
7,Ariel,38,21,10,2021
8,Scotch Brite,85,21,10,2021
9,Coca Cola,48,21,10,2021
10,Chocolate,16,21,10,2021
11,Ice Cream,97,21,10,2021
12,Oil,69,21,10,2021
13,Chips,69,21,10,2021
14,Umbrella,97,21,10,2021
1,Maggi,64,22,10,2021
2,Bru,73,22,10,2021
3,Red Bull,84,22,10,2021
4,Bourn Vita,4,22,10,2021
5,Horlicks,1,22,10,2021
6,Harpic,21,22,10,2021
7,Ariel,56,22,10,2021
8,Scotch Brite,65,22,10,2021
9,Coca Cola,73,22,10,2021
10,Chocolate,97,22,10,2021
11,Ice Cream,15,22,10,2021
12,Oil,50,22,10,2021
13,Chips,38,22,10,2021
14,Umbrella,85,22,10,2021
1,Maggi,75,23,10,2021
2,Bru,87,23,10,2021
3,Red Bull,39,23,10,2021
4,Bourn Vita,37,23,10,2021
5,Horlicks,59,23,10,2021
6,Harpic,58,23,10,2021
7,Ariel,9,23,10,2021
8,Scotch Brite,98,23,10,2021
9,Coca Cola,63,23,10,2021
10,Chocolate,62,23,10,2021
11,Ice Cream,48,23,10,2021
12,Oil,63,23,10,2021
13,Chips,31,23,10,2021
14,Umbrella,6,23,10,2021
1,Maggi,20,24,10,2021
2,Bru,19,24,10,2021
3,Red Bull,25,24,10,2021
4,Bourn Vita,67,24,10,2021
5,Horlicks,85,24,10,2021
6,Harpic,14,24,10,2021
7,Ariel,84,24,10,2021
8,Scotch Brite,78,24,10,2021
9,Coca Cola,85,24,10,2021
10,Chocolate,91,24,10,2021
11,Ice Cream,13,24,10,2021
12,Oil,26,24,10,2021
13,Chips,39,24,10,2021
14,Umbrella,57,24,10,2021
1,Maggi,27,25,11,2021
2,Bru,25,25,11,2021
3,Red Bull,62,25,11,2021
4,Bourn Vita,65,25,11,2021
5,Horlicks,24,25,11,2021
6,Harpic,2,25,11,2021
7,Ariel,71,25,11,2021
8,Scotch Brite,43,25,11,2021
9,Coca Cola,96,25,11,2021
10,Chocolate,41,25,11,2021
11,Ice Cream,98,25,11,2021
12,Oil,5,25,11,2021
13,Chips,38,25,11,2021
14,Umbrella,51,25,11,2021
1,Maggi,22,26,11,2021
2,Bru,88,26,11,2021
3,Red Bull,49,26,11,2021
4,Bourn Vita,42,26,11,2021
5,Horlicks,18,26,11,2021
6,Harpic,68,26,11,2021
7,Ariel,50,26,11,2021
8,Scotch Brite,10,26,11,2021
9,Coca Cola,11,26,11,2021
10,Chocolate,73,26,11,2021
11,Ice Cream,7,26,11,2021
12,Oil,23,26,11,2021
13,Chips,91,26,11,2021
14,Umbrella,40,26,11,2021
1,Maggi,35,27,11,2021
2,Bru,84,27,11,2021
3,Red Bull,71,27,11,2021
4,Bourn Vita,54,27,11,2021
5,Horlicks,8,27,11,2021
6,Harpic,46,27,11,2021
7,Ariel,14,27,11,2021
8,Scotch Brite,47,27,11,2021
9,Coca Cola,81,27,11,2021
10,Chocolate,41,27,11,2021
11,Ice Cream,59,27,11,2021
12,Oil,83,27,11,2021
13,Chips,69,27,11,2021
14,Umbrella,11,27,11,2021
1,Maggi,1,28,11,2021
2,Bru,6,28,11,2021
3,Red Bull,79,28,11,2021
4,Bourn Vita,2,28,11,2021
5,Horlicks,2,28,11,2021
6,Harpic,26,28,11,2021
7,Ariel,39,28,11,2021
8,Scotch Brite,32,28,11,2021
9,Coca Cola,91,28,11,2021
10,Chocolate,0,28,11,2021
11,Ice Cream,7,28,11,2021
12,Oil,31,28,11,2021
13,Chips,47,28,11,2021
14,Umbrella,3,28,11,2021
1,Maggi,93,29,12,2021
2,Bru,69,29,12,2021
3,Red Bull,18,29,12,2021
4,Bourn Vita,31,29,12,2021
5,Horlicks,8,29,12,2021
6,Harpic,11,29,12,2021
7,Ariel,10,29,12,2021
8,Scotch Brite,45,29,12,2021
9,Coca Cola,15,29,12,2021
10,Chocolate,0,29,12,2021
11,Ice Cream,62,29,12,2021
12,Oil,20,29,12,2021
13,Chips,29,29,12,2021
14,Umbrella,12,29,12,2021
1,Maggi,33,30,12,2021
2,Bru,3,30,12,2021
3,Red Bull,27,30,12,2021
4,Bourn Vita,94,30,12,2021
5,Horlicks,58,30,12,2021
6,Harpic,26,30,12,2021
7,Ariel,68,30,12,2021
8,Scotch Brite,24,30,12,2021
9,Coca Cola,2,30,12,2021
10,Chocolate,96,30,12,2021
11,Ice Cream,67,30,12,2021
12,Oil,24,30,12,2021
13,Chips,19,30,12,2021
14,Umbrella,33,30,12,2021
1,Maggi,25,31,12,2021
2,Bru,4,31,12,2021
3,Red Bull,98,31,12,2021
4,Bourn Vita,60,31,12,2021
5,Horlicks,91,31,12,2021
6,Harpic,92,31,12,2021
7,Ariel,8,31,12,2021
8,Scotch Brite,49,31,12,2021
9,Coca Cola,5,31,12,2021
10,Chocolate,82,31,12,2021
11,Ice Cream,59,31,12,2021
12,Oil,43,31,12,2021
13,Chips,10,31,12,2021
14,Umbrella,65,31,12,2021
1,Maggi,46,32,12,2021
2,Bru,72,32,12,2021
3,Red Bull,84,32,12,2021
4,Bourn Vita,87,32,12,2021
5,Horlicks,97,32,12,2021
6,Harpic,85,32,12,2021
7,Ariel,2,32,12,2021
8,Scotch Brite,75,32,12,2021
9,Coca Cola,91,32,12,2021
10,Chocolate,29,32,12,2021
11,Ice Cream,89,32,12,2021
12,Oil,20,32,12,2021
13,Chips,27,32,12,2021
14,Umbrella,89,32,12,2021
